"","Week.ended","signal","East.Midlands","fit","upr","lwr"
"1",2010-01-08,814.74147771748,1091,NA,NA,NA
"2",2010-01-15,926.968593528003,1098,NA,NA,NA
"3",2010-01-22,995.513794009681,963,NA,NA,NA
"4",2010-01-29,951.05901295942,938,NA,NA,NA
"5",2010-02-05,917.876966599496,874,NA,NA,NA
"6",2010-02-12,894.058581525634,858,NA,NA,NA
"7",2010-02-19,874.058398751473,802,NA,NA,NA
"8",2010-02-26,869.330984179709,880,NA,NA,NA
"9",2010-03-05,848.058109002421,778,NA,NA,NA
"10",2010-03-12,832.967091800435,800,NA,NA,NA
"11",2010-03-19,861.557883165583,820,NA,NA,NA
"12",2010-03-26,841.757817385208,792,NA,NA,NA
"13",2010-04-02,791.357779867617,682,NA,NA,NA
"14",2010-04-09,782.357804466004,850,NA,NA,NA
"15",2010-04-16,800.857790643154,794,NA,NA,NA
"16",2010-04-23,807.457780715578,782,NA,NA,NA
"17",2010-04-30,786.957785248201,759,NA,NA,NA
"18",2010-05-07,782.057805661032,660,NA,NA,NA
"19",2010-05-14,751.257895403546,812,NA,NA,NA
"20",2010-05-21,762.857950644123,757,NA,NA,NA
"21",2010-05-28,761.458009212058,782,NA,NA,NA
"22",2010-06-04,697.858056111994,661,NA,NA,NA
"23",2010-06-11,687.058123947568,795,NA,NA,NA
"24",2010-06-18,747.758130471405,664,NA,NA,NA
"25",2010-06-25,725.358184570444,715,NA,NA,NA
"26",2010-07-02,710.158244553002,734,NA,NA,NA
"27",2010-07-09,711.158290993274,694,NA,NA,NA
"28",2010-07-16,703.958347179578,753,NA,NA,NA
"29",2010-07-23,699.258375509884,685,NA,NA,NA
"30",2010-07-30,687.758411939046,629,NA,NA,NA
"31",2010-08-06,672.858481743391,647,NA,NA,NA
"32",2010-08-13,682.758566235533,696,NA,NA,NA
"33",2010-08-20,687.058643206447,721,NA,NA,NA
"34",2010-08-27,679.158700898439,675,NA,NA,NA
"35",2010-09-03,647.958760952599,626,NA,NA,NA
"36",2010-09-10,652.658833479488,784,NA,NA,NA
"37",2010-09-17,725.85883140369,736,NA,NA,NA
"38",2010-09-24,702.458823567628,819,NA,NA,NA
"39",2010-10-01,702.158749535381,698,NA,NA,NA
"40",2010-10-08,719.058677865335,744,NA,NA,NA
"41",2010-10-15,734.558592028437,737,NA,NA,NA
"42",2010-10-22,736.758504804805,744,NA,NA,NA
"43",2010-10-29,752.758413467958,766,NA,NA,NA
"44",2010-11-05,757.458314609794,835,NA,NA,NA
"45",2010-11-12,766.758171707414,790,NA,NA,NA
"46",2010-11-19,771.958015603519,807,NA,NA,NA
"47",2010-11-26,797.357839595532,851,NA,NA,NA
"48",2010-12-03,773.25763311843,750,NA,NA,NA
"49",2010-12-10,804.457439851821,896,NA,NA,NA
"50",2010-12-17,835.957194588408,913,NA,NA,NA
"51",2010-12-24,876.456905564146,971,NA,NA,NA
"52",2010-12-31,836.606562838749,984.5,NA,NA,NA
"53",2011-01-07,826.631988337115,984.5,NA,NA,NA
"54",2011-01-14,938.858744664379,1158,NA,NA,NA
"55",2011-01-21,1007.40355833607,989,NA,NA,NA
"56",2011-01-28,962.948382461114,931,NA,NA,NA
"57",2011-02-04,929.765952005789,877,NA,NA,NA
"58",2011-02-11,905.947187885523,827,NA,NA,NA
"59",2011-02-18,885.946650425988,843,NA,NA,NA
"60",2011-02-25,881.218864633176,756,NA,NA,NA
"61",2011-03-04,859.945695420092,789,NA,NA,NA
"62",2011-03-11,844.854384686468,815,NA,NA,NA
"63",2011-03-18,873.444880751936,809,NA,NA,NA
"64",2011-03-25,853.644532671859,790,NA,NA,NA
"65",2011-04-01,803.244220742315,762,NA,NA,NA
"66",2011-04-08,794.243932239775,801,NA,NA,NA
"67",2011-04-15,812.743639899739,772,NA,NA,NA
"68",2011-04-22,819.343370702378,714,NA,NA,NA
"69",2011-04-29,798.843161340777,726,NA,NA,NA
"70",2011-05-06,793.942993354593,805,NA,NA,NA
"71",2011-05-13,763.142819087954,848,NA,NA,NA
"72",2011-05-20,774.742596621852,678,NA,NA,NA
"73",2011-05-27,773.342429106213,721,NA,NA,NA
"74",2011-06-03,709.742291321434,682,NA,NA,NA
"75",2011-06-10,698.94216929447,739,NA,NA,NA
"76",2011-06-17,759.642024514381,708,NA,NA,NA
"77",2011-06-24,737.241909067318,738,NA,NA,NA
"78",2011-07-01,722.041793189656,707,NA,NA,NA
"79",2011-07-08,723.041685855835,731,NA,NA,NA
"80",2011-07-15,715.841574001636,684,NA,NA,NA
"81",2011-07-22,711.141480233674,674,NA,NA,NA
"82",2011-07-29,699.641407562327,684,NA,NA,NA
"83",2011-08-05,684.741343775408,746,NA,NA,NA
"84",2011-08-12,694.64124519315,687,NA,NA,NA
"85",2011-08-19,698.941150951169,643,NA,NA,NA
"86",2011-08-26,691.041088484153,735,NA,NA,NA
"87",2011-09-02,659.841001048168,606,NA,NA,NA
"88",2011-09-09,664.540944194246,739,NA,NA,NA
"89",2011-09-16,737.740845047065,703,NA,NA,NA
"90",2011-09-23,714.340765632922,716,NA,NA,NA
"91",2011-09-30,714.040685276323,727,NA,NA,NA
"92",2011-10-07,730.940597558749,722,NA,NA,NA
"93",2011-10-14,746.44051491949,745,NA,NA,NA
"94",2011-10-21,748.640433098455,685,NA,NA,NA
"95",2011-10-28,764.640387425627,775,NA,NA,NA
"96",2011-11-04,769.340335868466,838,NA,NA,NA
"97",2011-11-11,778.640245312142,769,NA,NA,NA
"98",2011-11-18,783.840160231544,768,NA,NA,NA
"99",2011-11-25,809.240084148266,787,NA,NA,NA
"100",2011-12-02,785.140020697512,745,NA,NA,NA
"101",2011-12-09,816.339980046565,827,NA,NA,NA
"102",2011-12-16,847.839933340653,849,NA,NA,NA
"103",2011-12-23,888.339885975817,949,NA,NA,NA
"104",2011-12-30,848.489804155613,780.5,NA,NA,NA
"105",2012-01-06,838.515613182344,780.5,NA,NA,NA
"106",2012-01-13,950.742875661364,922,NA,NA,NA
"107",2012-01-20,1019.28833628472,869,NA,NA,NA
"108",2012-01-27,974.833882272883,871,NA,NA,NA
"109",2012-02-03,941.652214512143,856,NA,NA,NA
"110",2012-02-10,917.834231766088,890,NA,NA,NA
"111",2012-02-17,897.834446648251,857,NA,NA,NA
"112",2012-02-24,893.10741199739,935,NA,NA,NA
"113",2012-03-02,871.834899005796,868,NA,NA,NA
"114",2012-03-09,856.744206374267,856,NA,NA,NA
"115",2012-03-16,885.335304007046,867,NA,NA,NA
"116",2012-03-23,865.535531303721,804,NA,NA,NA
"117",2012-03-30,815.135793553002,830,NA,NA,NA
"118",2012-04-06,806.136047359313,739,NA,NA,NA
"119",2012-04-13,824.636339299361,829,NA,NA,NA
"120",2012-04-20,831.236628760823,913,NA,NA,NA
"121",2012-04-27,810.736871780124,879,NA,NA,NA
"122",2012-05-04,805.837076025492,852,NA,NA,NA
"123",2012-05-11,775.037254050002,786,NA,NA,NA
"124",2012-05-18,786.637425847597,805,NA,NA,NA
"125",2012-05-25,785.237587215123,747,NA,NA,NA
"126",2012-06-01,721.637770301862,783,NA,NA,NA
"127",2012-06-08,710.837918534432,557,NA,NA,NA
"128",2012-06-15,771.538154148002,853,NA,NA,NA
"129",2012-06-22,749.138343490681,757,NA,NA,NA
"130",2012-06-29,733.938528367885,810,NA,NA,NA
"131",2012-07-06,734.938670041646,738,NA,NA,NA
"132",2012-07-13,727.738809976549,738,NA,NA,NA
"133",2012-07-20,723.03894408303,730,NA,NA,NA
"134",2012-07-27,711.539074235578,718,NA,NA,NA
"135",2012-08-03,696.639200718278,767,NA,NA,NA
"136",2012-08-10,706.539287235557,746,NA,NA,NA
"137",2012-08-17,710.839351338878,707,NA,NA,NA
"138",2012-08-24,702.939417622977,749,NA,NA,NA
"139",2012-08-31,671.739457744347,634,NA,NA,NA
"140",2012-09-07,676.43951930199,764,NA,NA,NA
"141",2012-09-14,749.639531124675,735,NA,NA,NA
"142",2012-09-21,726.239551262712,725,NA,NA,NA
"143",2012-09-28,725.939572104824,712,NA,NA,NA
"144",2012-10-05,742.839600864714,714,NA,NA,NA
"145",2012-10-12,758.339646005691,765,NA,NA,NA
"146",2012-10-19,760.539687363541,791,NA,NA,NA
"147",2012-10-26,776.539711419727,794,NA,NA,NA
"148",2012-11-02,781.239725558345,753,NA,NA,NA
"149",2012-11-09,790.539755737322,753,NA,NA,NA
"150",2012-11-16,795.739807239142,763,NA,NA,NA
"151",2012-11-23,821.139877337398,836,NA,NA,NA
"152",2012-11-30,797.039938995004,794,NA,NA,NA
"153",2012-12-07,828.240002379313,765,NA,NA,NA
"154",2012-12-14,859.740101684382,827,NA,NA,NA
"155",2012-12-21,900.240219586056,869,NA,NA,NA
"156",2012-12-28,860.390355232388,836,NA,NA,NA
"157",2013-01-04,850.416356960866,836,NA,NA,NA
"158",2013-01-11,962.643787376954,1025,NA,NA,NA
"159",2013-01-18,1031.18936419246,928,NA,NA,NA
"160",2013-01-25,986.734999620243,919,NA,NA,NA
"161",2013-02-01,953.553400794702,956,NA,NA,NA
"162",2013-02-08,929.73543694311,873,NA,NA,NA
"163",2013-02-15,909.73568713582,912,NA,NA,NA
"164",2013-02-22,905.008663315113,939,NA,NA,NA
"165",2013-03-01,883.736165641639,893,NA,NA,NA
"166",2013-03-08,868.645480888058,950,NA,NA,NA
"167",2013-03-15,897.236539766142,912,NA,NA,NA
"168",2013-03-22,877.436709507796,987,NA,NA,NA
"169",2013-03-29,827.036817016739,764,NA,NA,NA
"170",2013-04-05,818.036960331034,911,NA,NA,NA
"171",2013-04-12,836.537050841676,952,NA,NA,NA
"172",2013-04-19,843.137075768569,1014,NA,NA,NA
"173",2013-04-26,822.637003644136,869,NA,NA,NA
"174",2013-05-03,817.736905185199,852,NA,NA,NA
"175",2013-05-10,786.936787264588,718,NA,NA,NA
"176",2013-05-17,798.536708500551,823,NA,NA,NA
"177",2013-05-24,797.136615841195,776,NA,NA,NA
"178",2013-05-31,733.536535187581,695,NA,NA,NA
"179",2013-06-07,722.736476422987,803,NA,NA,NA
"180",2013-06-14,783.436372068156,735,NA,NA,NA
"181",2013-06-21,761.036295225519,757,NA,NA,NA
"182",2013-06-28,745.836220675526,696,NA,NA,NA
"183",2013-07-05,746.836174432852,769,NA,NA,NA
"184",2013-07-12,739.636115600969,702,NA,NA,NA
"185",2013-07-19,734.936078146664,718,NA,NA,NA
"186",2013-07-26,723.436050312165,751,NA,NA,NA
"187",2013-08-02,708.536006821153,648,NA,NA,NA
"188",2013-08-09,718.435997715013,715,NA,NA,NA
"189",2013-08-16,722.735990560541,642,NA,NA,NA
"190",2013-08-23,714.836029264672,664,NA,NA,NA
"191",2013-08-30,683.636096844019,647,NA,NA,NA
"192",2013-09-06,688.336185232922,747,NA,NA,NA
"193",2013-09-13,761.536240300372,721,NA,NA,NA
"194",2013-09-20,738.136318392687,723,NA,NA,NA
"195",2013-09-27,737.836405082535,742,NA,NA,NA
"196",2013-10-04,754.736489407436,786,NA,NA,NA
"197",2013-10-11,770.236555974443,753,NA,NA,NA
"198",2013-10-18,772.436632331933,792,NA,NA,NA
"199",2013-10-25,788.436697577298,803,NA,NA,NA
"200",2013-11-01,793.136754550603,769,NA,NA,NA
"201",2013-11-08,802.436825233753,765,NA,NA,NA
"202",2013-11-15,807.636917181278,804,NA,NA,NA
"203",2013-11-22,833.037011194598,811,NA,NA,NA
"204",2013-11-29,808.937117725094,803,NA,NA,NA
"205",2013-12-06,840.137227627911,837,NA,NA,NA
"206",2013-12-13,871.637339312696,802,NA,NA,NA
"207",2013-12-20,912.137490551973,901,NA,NA,NA
"208",2013-12-27,872.287648117419,757.5,NA,NA,NA
"209",2014-01-03,862.313723111297,757.5,NA,NA,NA
"210",2014-01-10,974.541278139116,989,NA,NA,NA
"211",2014-01-17,1043.08700677246,894,NA,NA,NA
"212",2014-01-24,998.632820088256,872,NA,NA,NA
"213",2014-01-31,965.451432605101,869,NA,NA,NA
"214",2014-02-07,941.633736270659,839,NA,NA,NA
"215",2014-02-14,921.634280051072,862,NA,NA,NA
"216",2014-02-21,916.907584976895,864,NA,NA,NA
"217",2014-02-28,895.63546540914,912,NA,NA,NA
"218",2014-03-07,880.545154728032,801,NA,NA,NA
"219",2014-03-14,909.136679070716,872,NA,NA,NA
"220",2014-03-21,889.337343756608,833,NA,NA,NA
"221",2014-03-28,838.938040442499,836,NA,NA,NA
"222",2014-04-04,829.938738797218,851,NA,NA,NA
"223",2014-04-11,848.439425188993,772,NA,NA,NA
"224",2014-04-18,855.040154998894,654,NA,NA,NA
"225",2014-04-25,834.540999000992,818,NA,NA,NA
"226",2014-05-02,829.64185239849,832,NA,NA,NA
"227",2014-05-09,798.842704456545,752,NA,NA,NA
"228",2014-05-16,810.443583121581,793,NA,NA,NA
"229",2014-05-23,809.044471694693,745,NA,NA,NA
"230",2014-05-30,745.445396645507,686,NA,NA,NA
"231",2014-06-06,734.646355361718,826,NA,NA,NA
"232",2014-06-13,795.347262188427,792,NA,NA,NA
"233",2014-06-20,772.948170916403,794,NA,NA,NA
"234",2014-06-27,757.749067686796,774,NA,NA,NA
"235",2014-07-04,758.749955226547,748,NA,NA,NA
"236",2014-07-11,751.550848872345,771,NA,NA,NA
"237",2014-07-18,746.851731470893,789,NA,NA,NA
"238",2014-07-25,735.352590128931,719,NA,NA,NA
"239",2014-08-01,720.453458075354,705,NA,NA,NA
"240",2014-08-08,730.354334799449,720,NA,NA,NA
"241",2014-08-15,734.655217404876,761,NA,NA,NA
"242",2014-08-22,726.756085046286,777,NA,NA,NA
"243",2014-08-29,695.556924148803,623,NA,NA,NA
"244",2014-09-05,700.257804464156,745,NA,NA,NA
"245",2014-09-12,773.458659365633,762,NA,NA,NA
"246",2014-09-19,750.059520775706,747,NA,NA,NA
"247",2014-09-26,749.760383923608,736,NA,NA,NA
"248",2014-10-03,766.661254887507,769,NA,NA,NA
"249",2014-10-10,782.162124522979,809,NA,NA,NA
"250",2014-10-17,784.362978914351,785,NA,NA,NA
"251",2014-10-24,800.363832943894,775,NA,NA,NA
"252",2014-10-31,805.064701380268,782,NA,NA,NA
"253",2014-11-07,814.365582917552,856,NA,NA,NA
"254",2014-11-14,819.566440806199,833,NA,NA,NA
"255",2014-11-21,844.967291064491,802,NA,NA,NA
"256",2014-11-28,820.868165728504,804,NA,NA,NA
"257",2014-12-05,852.069049973749,797,NA,NA,NA
"258",2014-12-12,883.569965498596,899,NA,NA,NA
"259",2014-12-19,924.070872259077,1003,NA,NA,NA
"260",2014-12-26,884.221734187267,836,NA,NA,NA
"261",2015-01-02,874.248475733987,836,NA,NA,NA
"262",2015-01-09,986.476659505129,1328,NA,NA,NA
"263",2015-01-16,1055.02283110683,1286,NA,NA,NA
"264",2015-01-23,1010.5688715119,1206,NA,NA,NA
"265",2015-01-30,977.387528183473,1119,NA,NA,NA
"266",2015-02-06,953.569740781813,1071,NA,NA,NA
"267",2015-02-13,933.570068497135,1021,NA,NA,NA
"268",2015-02-20,928.843073824379,965,NA,NA,NA
"269",2015-02-27,907.570604068786,973,NA,NA,NA
"270",2015-03-06,892.47991533066,966,NA,NA,NA
"271",2015-03-13,921.070974674209,904,NA,NA,NA
"272",2015-03-20,901.271162963509,872,NA,NA,NA
"273",2015-03-27,850.871367879029,891,NA,NA,NA
"274",2015-04-03,841.871550001211,784,NA,NA,NA
"275",2015-04-10,860.371764994831,917,NA,NA,NA
"276",2015-04-17,866.971947823224,999,NA,NA,NA
"277",2015-04-24,846.472055658771,889,NA,NA,NA
"278",2015-05-01,841.572139338148,856,NA,NA,NA
"279",2015-05-08,810.772214822402,748,NA,NA,NA
"280",2015-05-15,822.372325961708,890,NA,NA,NA
"281",2015-05-22,820.972398688029,870,NA,NA,NA
"282",2015-05-29,757.372443566331,663,NA,NA,NA
"283",2015-06-05,746.572542048835,865,NA,NA,NA
"284",2015-06-12,807.272573263724,817,NA,NA,NA
"285",2015-06-19,784.872598953366,757,NA,NA,NA
"286",2015-06-26,769.672640474839,756,NA,NA,NA
"287",2015-07-03,770.672689762465,750,NA,NA,NA
"288",2015-07-10,763.472750792321,817,NA,NA,NA
"289",2015-07-17,758.772781418331,781,NA,NA,NA
"290",2015-07-24,747.272799419125,734,NA,NA,NA
"291",2015-07-31,732.372824958964,715,NA,NA,NA
"292",2015-08-07,742.272860366686,664,NA,NA,NA
"293",2015-08-14,746.572940233933,792,NA,NA,NA
"294",2015-08-21,738.672994298297,747,NA,NA,NA
"295",2015-08-28,707.473043632864,797,NA,NA,NA
"296",2015-09-04,712.1730421155,663,NA,NA,NA
"297",2015-09-11,785.373068528766,814,NA,NA,NA
"298",2015-09-18,761.973078681734,748,NA,NA,NA
"299",2015-09-25,761.673096771508,795,NA,NA,NA
"300",2015-10-02,778.573095931373,814,NA,NA,NA
"301",2015-10-09,794.07307496851,821,NA,NA,NA
"302",2015-10-16,796.273038710965,809,NA,NA,NA
"303",2015-10-23,812.272995224422,835,NA,NA,NA
"304",2015-10-30,816.972938828781,814,NA,NA,NA
"305",2015-11-06,826.27288412179,883,NA,NA,NA
"306",2015-11-13,831.472797193404,767,NA,NA,NA
"307",2015-11-20,856.872746886013,844,NA,NA,NA
"308",2015-11-27,832.772703890433,844,NA,NA,NA
"309",2015-12-04,863.972654517669,919,NA,NA,NA
"310",2015-12-11,895.472573888993,915,NA,NA,NA
"311",2015-12-18,935.972482168605,897,NA,NA,NA
"312",2015-12-25,896.122412584854,707,NA,NA,NA
"313",2016-01-01,886.148302652195,856.5,NA,NA,NA
"314",2016-01-08,998.375630058998,856.5,NA,NA,NA
"315",2016-01-15,1066.92121987032,956,NA,NA,NA
"316",2016-01-22,1022.46687268566,929,NA,NA,NA
"317",2016-01-29,989.285305863568,858,NA,NA,NA
"318",2016-02-05,965.467449976067,954,NA,NA,NA
"319",2016-02-12,945.467782420338,917,NA,NA,NA
"320",2016-02-19,940.740858307234,881,NA,NA,NA
"321",2016-02-26,919.468513581899,930,NA,NA,NA
"322",2016-03-04,904.377981056423,913,NA,NA,NA
"323",2016-03-11,932.969233475173,911,NA,NA,NA
"324",2016-03-18,913.169617621917,917,NA,NA,NA
"325",2016-03-25,862.769999592976,809,NA,NA,NA
"326",2016-04-01,853.770412105767,859,NA,NA,NA
"327",2016-04-08,872.270821648115,911,NA,NA,NA
"328",2016-04-15,878.871209192024,900,NA,NA,NA
"329",2016-04-22,858.371584734634,908,NA,NA,NA
"330",2016-04-29,853.471932087959,857,NA,NA,NA
"331",2016-05-06,822.672277437317,703,NA,NA,NA
"332",2016-05-13,834.272690761356,914,NA,NA,NA
"333",2016-05-20,832.873058799734,862,NA,NA,NA
"334",2016-05-27,769.273410293806,826,NA,NA,NA
"335",2016-06-03,758.473729566784,680,NA,NA,NA
"336",2016-06-10,819.174093413382,839,NA,NA,NA
"337",2016-06-17,796.774445998728,858,NA,NA,NA
"338",2016-06-24,781.574763807537,804,NA,NA,NA
"339",2016-07-01,782.575068878657,801,NA,NA,NA
"340",2016-07-08,775.375363484287,770,NA,NA,NA
"341",2016-07-15,770.675661143161,784,NA,NA,NA
"342",2016-07-22,759.175951233718,830,NA,NA,NA
"343",2016-07-29,744.276201095727,762,NA,NA,NA
"344",2016-08-05,754.176440890496,739,NA,NA,NA
"345",2016-08-12,758.476689305586,780,NA,NA,NA
"346",2016-08-19,750.576925495287,742,NA,NA,NA
"347",2016-08-26,719.377166556742,793,NA,NA,NA
"348",2016-09-02,724.077365799918,626,NA,NA,NA
"349",2016-09-09,797.277620751717,844,NA,NA,NA
"350",2016-09-16,773.877849164881,736,NA,NA,NA
"351",2016-09-23,773.578099092923,730,NA,NA,NA
"352",2016-09-30,790.478373773631,787,NA,NA,NA
"353",2016-10-07,805.978650430078,777,NA,NA,NA
"354",2016-10-14,808.178943546596,791,NA,NA,NA
"355",2016-10-21,824.179246420876,831,NA,NA,NA
"356",2016-10-28,828.879545420919,850,NA,NA,NA
"357",2016-11-04,838.179832424399,850,NA,NA,NA
"358",2016-11-11,843.38011271394,889,NA,NA,NA
"359",2016-11-18,868.780367091071,892,NA,NA,NA
"360",2016-11-25,844.680608279291,887,NA,NA,NA
"361",2016-12-02,875.880825429801,888,NA,NA,NA
"362",2016-12-09,907.381035696538,932,NA,NA,NA
"363",2016-12-16,947.881231979533,893,NA,NA,NA
"364",2016-12-23,908.031459435447,981,NA,NA,NA
"365",2016-12-30,898.057497672975,887.5,NA,NA,NA
"366",2017-01-06,1010.28496240626,887.5,NA,NA,NA
"367",2017-01-13,1078.83067870043,1170,NA,NA,NA
"368",2017-01-20,1034.3763432098,1190,NA,NA,NA
"369",2017-01-27,1001.19464659658,1116,NA,NA,NA
"370",2017-02-03,977.376521136763,1045,NA,NA,NA
"371",2017-02-10,957.376539084523,1036,NA,NA,NA
"372",2017-02-17,952.64923964634,964,NA,NA,NA
"373",2017-02-24,931.376479215395,954,NA,NA,NA
"374",2017-03-03,916.285524115951,963,NA,NA,NA
"375",2017-03-10,944.876332323953,1038,NA,NA,NA
"376",2017-03-17,925.076206886386,963,NA,NA,NA
"377",2017-03-24,874.676059907838,947,NA,NA,NA
"378",2017-03-31,865.675871848796,870,NA,NA,NA
"379",2017-04-07,884.175681333616,835,NA,NA,NA
"380",2017-04-14,890.775518750566,708,NA,NA,NA
"381",2017-04-21,870.275459985275,812,NA,NA,NA
"382",2017-04-28,865.375434320847,882,NA,NA,NA
"383",2017-05-05,834.575399213551,803,NA,NA,NA
"384",2017-05-12,846.175382041298,988,NA,NA,NA
"385",2017-05-19,844.775284311685,817,NA,NA,NA
"386",2017-05-26,781.175202358623,802,NA,NA,NA
"387",2017-06-02,770.375108576932,726,NA,NA,NA
"388",2017-06-09,831.07504000061,841,NA,NA,NA
"389",2017-06-16,808.674965786842,819,NA,NA,NA
"390",2017-06-23,793.474885708384,841,NA,NA,NA
"391",2017-06-30,794.474778635332,804,NA,NA,NA
"392",2017-07-07,787.274666151887,802,NA,NA,NA
"393",2017-07-14,782.574545304353,862,NA,NA,NA
"394",2017-07-21,771.074379342609,809,NA,NA,NA
"395",2017-07-28,756.174191838852,738,NA,NA,NA
"396",2017-08-04,766.074014658161,784,NA,NA,NA
"397",2017-08-11,770.373827295385,772,NA,NA,NA
"398",2017-08-18,762.473639008933,747,NA,NA,NA
"399",2017-08-25,731.273459511616,783,NA,NA,NA
"400",2017-09-01,735.973250633263,667,NA,NA,NA
"401",2017-09-08,809.173080932197,808,NA,NA,NA
"402",2017-09-15,785.772911897447,758,NA,NA,NA
"403",2017-09-22,785.472758637901,814,NA,NA,NA
"404",2017-09-29,802.37258917469,782,NA,NA,NA
"405",2017-10-06,817.872431283248,818,NA,NA,NA
"406",2017-10-13,820.072273319344,827,NA,NA,NA
"407",2017-10-20,836.072111420446,806,NA,NA,NA
"408",2017-10-27,840.771966602714,743,NA,NA,NA
"409",2017-11-03,850.071877320137,850,NA,NA,NA
"410",2017-11-10,855.271788078384,931,NA,NA,NA
"411",2017-11-17,880.671655822484,898,NA,NA,NA
"412",2017-11-24,856.571513723967,862,NA,NA,NA
"413",2017-12-01,887.771368542029,878,NA,NA,NA
"414",2017-12-08,919.271228910297,970,NA,NA,NA
"415",2017-12-15,959.771060464273,971,NA,NA,NA
"416",2017-12-22,919.920885640134,1039,NA,NA,NA
"417",2017-12-29,909.946495406482,885,NA,NA,NA
"418",2018-01-05,1022.17353984164,885,NA,NA,NA
"419",2018-01-12,1090.71884401049,1266,NA,NA,NA
"420",2018-01-19,1046.26404861844,1175,NA,NA,NA
"421",2018-01-26,1013.0819073762,1165,NA,NA,NA
"422",2018-02-02,989.263316207075,1154,NA,NA,NA
"423",2018-02-09,969.262813284552,1109,NA,NA,NA
"424",2018-02-16,964.534958263067,1024,NA,NA,NA
"425",2018-02-23,943.261614919575,1034,NA,NA,NA
"426",2018-03-02,928.17003821787,907,NA,NA,NA
"427",2018-03-09,956.760263382485,1072,NA,NA,NA
"428",2018-03-16,936.959542339451,1116,NA,NA,NA
"429",2018-03-23,886.558719600195,1038,NA,NA,NA
"430",2018-03-30,877.557810841247,819,NA,NA,NA
"431",2018-04-06,896.056935343538,886,NA,NA,NA
"432",2018-04-13,902.656065558241,1068,NA,NA,NA
"433",2018-04-20,882.155101856446,986,NA,NA,NA
"434",2018-04-27,877.254079170028,904,NA,NA,NA
"435",2018-05-04,846.453041291743,892,NA,NA,NA
"436",2018-05-11,858.051977542468,740,NA,NA,NA
"437",2018-05-18,856.650980847537,943,NA,NA,NA
"438",2018-05-25,793.049935105763,828,NA,NA,NA
"439",2018-06-01,782.248869512111,716,NA,NA,NA
"440",2018-06-08,842.947841548275,884,NA,NA,NA
"441",2018-06-15,820.546790266529,777,NA,NA,NA
"442",2018-06-22,805.345763719662,764,NA,NA,NA
"443",2018-06-29,806.344760657475,822,NA,NA,NA
"444",2018-07-06,799.143748703002,788,NA,NA,NA
"445",2018-07-13,794.442743078257,758,NA,NA,NA
"446",2018-07-20,782.94175815324,730,NA,NA,NA
"447",2018-07-27,768.040803299511,762,NA,NA,NA
"448",2018-08-03,777.939851876999,830,NA,NA,NA
"449",2018-08-10,782.238870883961,793,NA,NA,NA
"450",2018-08-17,774.337883778528,742,NA,NA,NA
"451",2018-08-24,743.136915041238,780,NA,NA,NA
"452",2018-08-31,747.835925365458,630,NA,NA,NA
"453",2018-09-07,821.035002621301,804,NA,NA,NA
"454",2018-09-14,797.634089553144,814,NA,NA,NA
"455",2018-09-21,797.333167189032,776,NA,NA,NA
"456",2018-09-28,814.232256942312,766,NA,NA,NA
"457",2018-10-05,829.731374091847,781,NA,NA,NA
"458",2018-10-12,831.930518921136,832,NA,NA,NA
"459",2018-10-19,847.929663710961,815,NA,NA,NA
"460",2018-10-26,852.628827205064,880,NA,NA,NA
"461",2018-11-02,861.927975152151,810,NA,NA,NA
"462",2018-11-09,867.127152594685,813,NA,NA,NA
"463",2018-11-16,892.526360781817,899,NA,NA,NA
"464",2018-11-23,868.425565291879,848,NA,NA,NA
"465",2018-11-30,899.624781403802,838,NA,NA,NA
"466",2018-12-07,931.124032519027,830,NA,NA,NA
"467",2018-12-14,971.623341073403,873,NA,NA,NA
"468",2018-12-21,931.772705646517,930,NA,NA,NA
"469",2018-12-28,921.797923454791,807.5,NA,NA,NA
"470",2019-01-04,1034.0246266841,807.5,NA,NA,NA
"471",2019-01-11,1102.56964039915,1089,NA,NA,NA
"472",2019-01-18,1058.11466182184,979,NA,NA,NA
"473",2019-01-25,1024.93245545494,1037,NA,NA,NA
"474",2019-02-01,1001.11387859722,963,NA,NA,NA
"475",2019-02-08,981.113505206634,988,NA,NA,NA
"476",2019-02-15,976.385855177197,1033,NA,NA,NA
"477",2019-02-22,955.112718445082,928,NA,NA,NA
"478",2019-03-01,940.021415294995,927,NA,NA,NA
"479",2019-03-08,968.611909382755,946,NA,NA,NA
"480",2019-03-15,948.811535563552,879,NA,NA,NA
"481",2019-03-22,898.411201397782,890,NA,NA,NA
"482",2019-03-29,889.410872009636,875,NA,NA,NA
"483",2019-04-05,907.910550806961,876,NA,NA,NA
"484",2019-04-12,914.510247729704,858,NA,NA,NA
"485",2019-04-19,894.009976750657,759,NA,NA,NA
"486",2019-04-26,889.109782458211,856,NA,NA,NA
"487",2019-05-03,858.30960697235,986,NA,NA,NA
"488",2019-05-10,869.90935895746,776,NA,NA,NA
"489",2019-05-17,868.509164283739,887,NA,NA,NA
"490",2019-05-24,804.908959107094,888,NA,NA,NA
"491",2019-05-31,794.108706734163,699,NA,NA,NA
"492",2019-06-07,854.808508383635,880,NA,NA,NA
"493",2019-06-14,832.408295724165,817,NA,NA,NA
"494",2019-06-21,817.208091816716,751,NA,NA,NA
"495",2019-06-28,818.207925515921,790,NA,NA,NA
"496",2019-07-05,811.007775237419,750,NA,NA,NA
"497",2019-07-12,806.307659611758,747,NA,NA,NA
"498",2019-07-19,794.807577673257,809,NA,NA,NA
"499",2019-07-26,779.907487673365,774,NA,NA,NA
"500",2019-08-02,789.807401028964,782,NA,NA,NA
"501",2019-08-09,794.107318819221,795,NA,NA,NA
"502",2019-08-16,786.207236102429,749,NA,NA,NA
"503",2019-08-23,755.007174519604,726,NA,NA,NA
"504",2019-08-30,759.707129413055,697,NA,NA,NA
"505",2019-09-06,832.907119924589,867,NA,NA,NA
"506",2019-09-13,809.507091071135,774,NA,NA,NA
"507",2019-09-20,809.207082385947,827,NA,NA,NA
"508",2019-09-27,826.107063594265,842,NA,NA,NA
"509",2019-10-04,841.607035775285,875,NA,NA,NA
"510",2019-10-11,843.806988988866,847,NA,NA,NA
"511",2019-10-18,859.806940388797,863,NA,NA,NA
"512",2019-10-25,864.506889975048,846,NA,NA,NA
"513",2019-11-01,873.806850073343,877,NA,NA,NA
"514",2019-11-08,879.006808357902,880,NA,NA,NA
"515",2019-11-15,904.406766078323,889,NA,NA,NA
"516",2019-11-22,880.306732549896,931,NA,NA,NA
"517",2019-11-29,911.506670227341,935,NA,NA,NA
"518",2019-12-06,943.006594560411,958,NA,NA,NA
"519",2019-12-13,983.506510377125,973,NA,NA,NA
"520",2019-12-20,943.656432161608,1050,NA,NA,NA
"521",2019-12-27,933.682145770458,894.5,NA,NA,NA
"522",2020-01-03,1045.90930213406,894.5,NA,NA,NA
"523",2020-01-10,1114.45472631738,1195,NA,NA,NA
"524",2020-01-17,1070.00010475043,1106,NA,NA,NA
"525",2020-01-24,1036.81819000801,1024,NA,NA,NA
"526",2020-01-31,1012.99991891005,1015,NA,NA,NA
"527",2020-02-07,992.999828494208,922,NA,NA,NA
"528",2020-02-14,988.272505679489,976,NA,NA,NA
"529",2020-02-21,966.999735290186,924,NA,NA,NA
"530",2020-02-28,951.908807506846,919,NA,NA,NA
"531",2020-03-06,NA,NA,980.49968825753,1124.13429989632,836.865076618736
"532",2020-03-13,NA,NA,960.699688257531,1104.33434044318,817.065036071886
"533",2020-03-20,NA,NA,910.29968825753,1053.93438099001,766.664995525045
"534",2020-03-27,NA,NA,901.299688257531,1044.93442153684,757.664954978219
"535",2020-04-03,NA,NA,919.799688257529,1063.43446208366,776.1649144314
"536",2020-04-10,NA,NA,926.39968825753,1070.03450263046,782.764873884596
"537",2020-04-17,NA,NA,905.899688257531,1049.53454317726,762.264833337803
"538",2020-04-24,NA,NA,900.999688257532,1044.63458372404,757.364792791022
"539",2020-05-01,NA,NA,870.199688257533,1013.83462427081,726.564752244252
"540",2020-05-08,NA,NA,881.79968825753,1025.43466481757,738.164711697489
"541",2020-05-15,NA,NA,880.399688257532,1024.03470536432,736.764671150744
"542",2020-05-22,NA,NA,816.799688257531,960.434745911056,673.164630604007
"543",2020-05-29,NA,NA,805.999688257532,949.634786457781,662.364590057282
"544",2020-06-05,NA,NA,866.699688257532,1010.33482700449,723.064549510569
"545",2020-06-12,NA,NA,844.299688257531,987.934867551196,700.664508963866
"546",2020-06-19,NA,NA,829.099688257532,972.734908097887,685.464468417176
"547",2020-06-26,NA,NA,830.099688257534,973.734948644568,686.464427870499
"548",2020-07-03,NA,NA,822.899688257532,966.534989191235,679.26438732383
"549",2020-07-10,NA,NA,818.199688257532,961.83502973789,674.564346777173
"550",2020-07-17,NA,NA,806.699688257531,950.335070284535,663.064306230527
"551",2020-07-24,NA,NA,791.799688257534,935.435110831171,648.164265683897
"552",2020-07-31,NA,NA,801.699688257534,945.335151377793,658.064225137275
"553",2020-08-07,NA,NA,805.999688257533,949.635191924403,662.364184590664
"554",2020-08-14,NA,NA,798.099688257533,941.735232471001,654.464144044064
"555",2020-08-21,NA,NA,766.899688257534,910.53527301759,623.264103497478
"556",2020-08-28,NA,NA,771.599688257532,915.235313564164,627.9640629509
"557",2020-09-04,NA,NA,844.799688257532,988.435354110729,701.164022404336
"558",2020-09-11,NA,NA,821.399688257535,965.035394657285,677.763981857785
"559",2020-09-18,NA,NA,821.09968825753,964.735435203822,677.463941311238
"560",2020-09-25,NA,NA,837.999688257533,981.635475750355,694.363900764711
"561",2020-10-02,NA,NA,853.499688257535,997.135516296877,709.863860218194
"562",2020-10-09,NA,NA,855.699688257533,999.335556843382,712.063819671684
"563",2020-10-16,NA,NA,871.699688257532,1015.33559738988,728.063779125187
"564",2020-10-23,NA,NA,876.399688257533,1020.03563793636,732.763738578704
"565",2020-10-30,NA,NA,885.699688257534,1029.33567848284,742.063698032232
"566",2020-11-06,NA,NA,890.899688257531,1034.5357190293,747.263657485767
"567",2020-11-13,NA,NA,916.299688257532,1059.93575957575,772.663616939317
"568",2020-11-20,NA,NA,892.199688257533,1035.83580012219,748.56357639288
"569",2020-11-27,NA,NA,923.399688257533,1067.03584066861,779.763535846452
"570",2020-12-04,NA,NA,954.899688257532,1098.53588121503,811.263495300035
"571",2020-12-11,NA,NA,995.399688257532,1139.03592176143,851.763454753631
"572",2020-12-18,NA,NA,955.549688257533,1099.18596230783,811.913414207239
"573",2020-12-25,NA,NA,945.575540485781,1088.70267021022,802.44841076134
"574",2021-01-01,NA,NA,1057.80281321306,1200.92998329183,914.675643134284
"575",2021-01-08,NA,NA,1126.34826775851,1269.4754781916,983.221057325423
"576",2021-01-15,NA,NA,1081.89372230397,1225.02097309136,938.766471516566
"577",2021-01-22,NA,NA,1048.71190412215,1191.83919526385,905.584612980455
"578",2021-01-29,NA,NA,1024.89372230397,1168.02105379995,881.766390807987
"579",2021-02-05,NA,NA,1004.89372230397,1148.02109415422,861.766350453712
"580",2021-02-12,NA,NA,1000.16644957669,1143.29386178121,857.039037372176
"581",2021-02-19,NA,NA,978.893722303968,1122.02117486274,835.7662697452
"582",2021-02-26,NA,NA,963.802813213059,1106.93030612607,820.675320300051
"583",2021-03-05,NA,NA,992.393693963743,1136.20135107689,848.586036850598
"584",2021-03-12,NA,NA,972.593693963744,1116.40139893823,828.785988989257
"585",2021-03-19,NA,NA,922.193693963742,1066.00144679956,778.385941127928
"586",2021-03-26,NA,NA,913.193693963744,1057.00149466087,769.385893266619
"587",2021-04-02,NA,NA,931.693693963741,1075.50154252216,787.885845405321
"588",2021-04-09,NA,NA,938.293693963742,1082.10159038344,794.485797544043
"589",2021-04-16,NA,NA,917.793693963744,1061.60163824471,773.985749682781
"590",2021-04-23,NA,NA,912.893693963745,1056.70168610595,769.085701821535
"591",2021-04-30,NA,NA,882.093693963746,1025.90173396719,738.285653960305
"592",2021-05-07,NA,NA,893.693693963742,1037.5017818284,749.885606099085
"593",2021-05-14,NA,NA,892.293693963744,1036.1018296896,748.485558237889
"594",2021-05-21,NA,NA,828.693693963744,972.501877550783,684.885510376705
"595",2021-05-28,NA,NA,817.893693963744,961.701925411951,674.085462515537
"596",2021-06-04,NA,NA,878.593693963744,1022.4019732731,734.785414654386
"597",2021-06-11,NA,NA,856.193693963743,1000.00202113424,712.385366793249
"598",2021-06-18,NA,NA,840.993693963744,984.802068995358,697.18531893213
"599",2021-06-25,NA,NA,841.993693963746,985.802116856464,698.185271071028
"600",2021-07-02,NA,NA,834.793693963745,978.602164717551,690.985223209939
"601",2021-07-09,NA,NA,830.093693963744,973.902212578622,686.285175348866
"602",2021-07-16,NA,NA,818.593693963743,962.402260439677,674.785127487808
"603",2021-07-23,NA,NA,803.693693963746,947.502308300721,659.885079626772
"604",2021-07-30,NA,NA,813.593693963746,957.402356161745,669.785031765748
"605",2021-08-06,NA,NA,817.893693963746,961.702404022753,674.084983904739
"606",2021-08-13,NA,NA,809.993693963745,953.802451883745,666.184936043746
"607",2021-08-20,NA,NA,778.793693963746,922.602499744722,634.98488818277
"608",2021-08-27,NA,NA,783.493693963744,927.302547605681,639.684840321808
"609",2021-09-03,NA,NA,856.693693963745,1000.50259546663,712.884792460864
"610",2021-09-10,NA,NA,833.293693963748,977.102643327557,689.484744599938
"611",2021-09-17,NA,NA,832.993693963742,976.802691188465,689.18469673902
"612",2021-09-24,NA,NA,849.893693963745,993.702739049364,706.084648878126
"613",2021-10-01,NA,NA,865.393693963748,1009.20278691025,721.584601017247
"614",2021-10-08,NA,NA,867.593693963745,1011.40283477111,723.78455315638
"615",2021-10-15,NA,NA,883.593693963744,1027.40288263196,739.78450529553
"616",2021-10-22,NA,NA,888.293693963745,1032.10293049279,744.484457434698
"617",2021-10-29,NA,NA,897.593693963747,1041.40297835361,753.784409573882
"618",2021-11-05,NA,NA,902.793693963743,1046.60302621441,758.984361713078
"619",2021-11-12,NA,NA,928.193693963744,1072.0030740752,784.384313852293
"620",2021-11-19,NA,NA,904.093693963745,1047.90312193597,760.284265991524
"621",2021-11-26,NA,NA,935.293693963745,1079.10316979672,791.484218130771
"622",2021-12-03,NA,NA,966.793693963744,1110.60321765746,822.984170270033
"623",2021-12-10,NA,NA,1007.29369396374,1151.10326551818,863.484122409312
"624",2021-12-17,NA,NA,967.443693963746,1111.25331337888,823.634074548607
"625",2021-12-24,NA,NA,957.469546191993,1100.78493009934,814.15416228465
"626",2021-12-31,NA,NA,1069.69681891927,1213.01224984482,926.381387993717
"627",2022-01-07,NA,NA,1138.24227346473,1281.55775140847,994.926795520981
"628",2022-01-14,NA,NA,1093.78772801018,1237.1032529721,950.472203048255
"629",2022-01-21,NA,NA,1060.60590982836,1203.92148180845,917.290337848277
"630",2022-01-28,NA,NA,1036.78772801018,1180.10334700841,893.472109011947
"631",2022-02-04,NA,NA,1016.78772801018,1160.10339402654,873.472061993815
"632",2022-02-11,NA,NA,1012.0604552829,1155.37616831738,868.744742248425
"633",2022-02-18,NA,NA,990.78772801018,1134.10348806276,847.4719679576
"634",2022-02-25,NA,NA,975.696818919271,1119.01262598994,832.381011848606
