"","Week.ended","signal","Female.Under.1.year","fit","upr","lwr"
"1",2010-01-08,24.5705504808912,36,NA,NA,NA
"2",2010-01-15,27.8269938459723,29,NA,NA,NA
"3",2010-01-22,30.8090387183904,31,NA,NA,NA
"4",2010-01-29,28.6999024311644,29,NA,NA,NA
"5",2010-02-05,27.7721567670117,40,NA,NA,NA
"6",2010-02-12,30.1906260614141,34,NA,NA,NA
"7",2010-02-19,28.78548619896,31,NA,NA,NA
"8",2010-02-26,27.8317367013721,37,NA,NA,NA
"9",2010-03-05,26.5921976088001,22,NA,NA,NA
"10",2010-03-12,25.631928441918,18,NA,NA,NA
"11",2010-03-19,24.5670776429019,19,NA,NA,NA
"12",2010-03-26,29.9347044374234,24,NA,NA,NA
"13",2010-04-02,26.1107865979543,22,NA,NA,NA
"14",2010-04-09,28.4927255295576,31,NA,NA,NA
"15",2010-04-16,27.4710922658547,25,NA,NA,NA
"16",2010-04-23,26.8529796474972,31,NA,NA,NA
"17",2010-04-30,27.828958634661,26,NA,NA,NA
"18",2010-05-07,29.0075433985461,27,NA,NA,NA
"19",2010-05-14,27.3889883746616,37,NA,NA,NA
"20",2010-05-21,27.9567402306109,36,NA,NA,NA
"21",2010-05-28,27.7130325933412,35,NA,NA,NA
"22",2010-06-04,26.6589429771251,19,NA,NA,NA
"23",2010-06-11,24.0157653055221,16,NA,NA,NA
"24",2010-06-18,29.4840079548834,40,NA,NA,NA
"25",2010-06-25,28.2372681291054,20,NA,NA,NA
"26",2010-07-02,28.0022642065527,27,NA,NA,NA
"27",2010-07-09,25.1686882423413,27,NA,NA,NA
"28",2010-07-16,28.2325031488377,38,NA,NA,NA
"29",2010-07-23,26.2824019855883,22,NA,NA,NA
"30",2010-07-30,25.9384020994233,28,NA,NA,NA
"31",2010-08-06,26.8914649878253,33,NA,NA,NA
"32",2010-08-13,29.3358248481564,24,NA,NA,NA
"33",2010-08-20,29.8877868313107,20,NA,NA,NA
"34",2010-08-27,30.3538362652495,30,NA,NA,NA
"35",2010-09-03,24.2203898211983,26,NA,NA,NA
"36",2010-09-10,25.7844079087722,21,NA,NA,NA
"37",2010-09-17,27.6552424975607,31,NA,NA,NA
"38",2010-09-24,28.0213117017887,37,NA,NA,NA
"39",2010-10-01,27.8745886774159,25,NA,NA,NA
"40",2010-10-08,29.3319611728198,28,NA,NA,NA
"41",2010-10-15,32.2912313565321,35,NA,NA,NA
"42",2010-10-22,26.8466422696513,23,NA,NA,NA
"43",2010-10-29,27.2075336188464,28,NA,NA,NA
"44",2010-11-05,29.3672959154702,28,NA,NA,NA
"45",2010-11-12,25.3290062429574,30,NA,NA,NA
"46",2010-11-19,28.4840616540526,23,NA,NA,NA
"47",2010-11-26,27.4469303857588,25,NA,NA,NA
"48",2010-12-03,28.5132853385954,29,NA,NA,NA
"49",2010-12-10,26.6789468532586,21,NA,NA,NA
"50",2010-12-17,25.8526993478008,27,NA,NA,NA
"51",2010-12-24,28.8248172458709,25,NA,NA,NA
"52",2010-12-31,23.1023844851968,16,NA,NA,NA
"53",2011-01-07,22.0330156741015,30,NA,NA,NA
"54",2011-01-14,25.2820783627035,24,NA,NA,NA
"55",2011-01-21,28.260240397228,22,NA,NA,NA
"56",2011-01-28,26.1564125084992,26,NA,NA,NA
"57",2011-02-04,25.2346256475658,13,NA,NA,NA
"58",2011-02-11,27.6939062184755,30,NA,NA,NA
"59",2011-02-18,26.3317194045539,23,NA,NA,NA
"60",2011-02-25,25.428824853937,24,NA,NA,NA
"61",2011-03-04,24.2552387237312,23,NA,NA,NA
"62",2011-03-11,23.3561682455984,22,NA,NA,NA
"63",2011-03-18,22.3435748561144,23,NA,NA,NA
"64",2011-03-25,27.7545922337781,30,NA,NA,NA
"65",2011-04-01,23.9624105061277,24,NA,NA,NA
"66",2011-04-08,26.3701752235054,35,NA,NA,NA
"67",2011-04-15,25.3656447494627,34,NA,NA,NA
"68",2011-04-22,24.7488126292864,29,NA,NA,NA
"69",2011-04-29,25.7259237045003,22,NA,NA,NA
"70",2011-05-06,26.9083432241322,25,NA,NA,NA
"71",2011-05-13,25.2934816222866,40,NA,NA,NA
"72",2011-05-20,25.8576671664416,31,NA,NA,NA
"73",2011-05-27,25.6145262621261,26,NA,NA,NA
"74",2011-06-03,24.5708361608665,24,NA,NA,NA
"75",2011-06-10,21.9279593484104,19,NA,NA,NA
"76",2011-06-17,27.3892540946583,30,NA,NA,NA
"77",2011-06-24,26.146829226489,21,NA,NA,NA
"78",2011-07-01,25.9117372129473,22,NA,NA,NA
"79",2011-07-08,23.0822183783594,25,NA,NA,NA
"80",2011-07-15,26.149967218058,17,NA,NA,NA
"81",2011-07-22,24.2307523129935,27,NA,NA,NA
"82",2011-07-29,23.9075919708797,18,NA,NA,NA
"83",2011-08-05,24.8928483667644,21,NA,NA,NA
"84",2011-08-12,27.3836510300506,23,NA,NA,NA
"85",2011-08-19,27.9806992232206,32,NA,NA,NA
"86",2011-08-26,28.4720209881369,28,NA,NA,NA
"87",2011-09-02,22.3640152566733,24,NA,NA,NA
"88",2011-09-09,23.9536786846538,24,NA,NA,NA
"89",2011-09-16,25.8432761171529,21,NA,NA,NA
"90",2011-09-23,26.2397739223137,21,NA,NA,NA
"91",2011-09-30,26.1437370034267,24,NA,NA,NA
"92",2011-10-07,27.6507543362186,27,NA,NA,NA
"93",2011-10-14,30.6586988198318,39,NA,NA,NA
"94",2011-10-21,25.2547591809557,24,NA,NA,NA
"95",2011-10-28,25.6526072382053,23,NA,NA,NA
"96",2011-11-04,27.8542345510712,27,NA,NA,NA
"97",2011-11-11,23.8570789196245,26,NA,NA,NA
"98",2011-11-18,27.056870198971,29,NA,NA,NA
"99",2011-11-25,26.0538930382299,22,NA,NA,NA
"100",2011-12-02,27.1566915904603,32,NA,NA,NA
"101",2011-12-09,25.3525897240212,19,NA,NA,NA
"102",2011-12-16,24.5575385983207,25,NA,NA,NA
"103",2011-12-23,27.5618570835021,34,NA,NA,NA
"104",2011-12-30,21.857002937535,19,NA,NA,NA
"105",2012-01-06,20.7991642082814,26,NA,NA,NA
"106",2012-01-13,24.0636980003109,32,NA,NA,NA
"107",2012-01-20,27.044197412599,17,NA,NA,NA
"108",2012-01-27,24.9480980279934,16,NA,NA,NA
"109",2012-02-03,24.0465654708569,18,NA,NA,NA
"110",2012-02-10,26.5172840154104,22,NA,NA,NA
"111",2012-02-17,25.176256662917,23,NA,NA,NA
"112",2012-02-24,24.2928753484624,28,NA,NA,NA
"113",2012-03-02,23.1314851004831,22,NA,NA,NA
"114",2012-03-09,22.2444341887734,23,NA,NA,NA
"115",2012-03-16,21.2408517096702,23,NA,NA,NA
"116",2012-03-23,26.6593089122616,27,NA,NA,NA
"117",2012-03-30,22.8772807212041,22,NA,NA,NA
"118",2012-04-06,25.2965024204601,18,NA,NA,NA
"119",2012-04-13,24.3261196835059,30,NA,NA,NA
"120",2012-04-20,23.7476531851322,26,NA,NA,NA
"121",2012-04-27,24.7659776951563,26,NA,NA,NA
"122",2012-05-04,25.9825440535552,28,NA,NA,NA
"123",2012-05-11,24.3962360769954,18,NA,NA,NA
"124",2012-05-18,25.0190410255498,27,NA,NA,NA
"125",2012-05-25,24.8390236375658,21,NA,NA,NA
"126",2012-06-01,23.8644758311451,26,NA,NA,NA
"127",2012-06-08,21.2868854741372,22,NA,NA,NA
"128",2012-06-15,26.808279119722,38,NA,NA,NA
"129",2012-06-22,25.6137275573668,32,NA,NA,NA
"130",2012-06-29,25.4100772654105,23,NA,NA,NA
"131",2012-07-06,22.6098606887479,23,NA,NA,NA
"132",2012-07-13,25.7090882679475,26,NA,NA,NA
"133",2012-07-20,23.8079013757615,18,NA,NA,NA
"134",2012-07-27,23.5149891891478,29,NA,NA,NA
"135",2012-08-03,24.5142623296285,25,NA,NA,NA
"136",2012-08-10,27.0128434238865,27,NA,NA,NA
"137",2012-08-17,27.6114428165872,33,NA,NA,NA
"138",2012-08-24,28.1023649569955,34,NA,NA,NA
"139",2012-08-31,21.9848845453638,26,NA,NA,NA
"140",2012-09-07,23.5616836684423,26,NA,NA,NA
"141",2012-09-14,25.4350088431131,32,NA,NA,NA
"142",2012-09-21,25.798980661831,29,NA,NA,NA
"143",2012-09-28,25.658391884416,22,NA,NA,NA
"144",2012-10-05,27.1230153366435,29,NA,NA,NA
"145",2012-10-12,30.0849645879077,25,NA,NA,NA
"146",2012-10-19,24.6541585532414,18,NA,NA,NA
"147",2012-10-26,25.0328329142116,22,NA,NA,NA
"148",2012-11-02,27.2158282506581,28,NA,NA,NA
"149",2012-11-09,23.197706352165,28,NA,NA,NA
"150",2012-11-16,26.3727424700643,32,NA,NA,NA
"151",2012-11-23,25.3397612515407,28,NA,NA,NA
"152",2012-11-30,26.4029899045403,28,NA,NA,NA
"153",2012-12-07,24.5639432454296,33,NA,NA,NA
"154",2012-12-14,23.7128774624875,21,NA,NA,NA
"155",2012-12-21,26.6656768041066,23,NA,NA,NA
"156",2012-12-28,20.9236987544295,16,NA,NA,NA
"157",2013-01-04,19.8316806100663,17,NA,NA,NA
"158",2013-01-11,23.0734791737806,15,NA,NA,NA
"159",2013-01-18,26.0540530125527,22,NA,NA,NA
"160",2013-01-25,23.9494937013077,25,NA,NA,NA
"161",2013-02-01,23.0252558814656,20,NA,NA,NA
"162",2013-02-08,25.4689646054918,29,NA,NA,NA
"163",2013-02-15,24.0894607306179,23,NA,NA,NA
"164",2013-02-22,23.1660545003485,16,NA,NA,NA
"165",2013-03-01,21.9801307077563,18,NA,NA,NA
"166",2013-03-08,21.0726048092769,29,NA,NA,NA
"167",2013-03-15,20.0383294053415,16,NA,NA,NA
"168",2013-03-22,25.4343535377177,34,NA,NA,NA
"169",2013-03-29,21.6181739156007,16,NA,NA,NA
"170",2013-04-05,24.0099986881861,16,NA,NA,NA
"171",2013-04-12,23.0132355658489,25,NA,NA,NA
"172",2013-04-19,22.4136418357466,16,NA,NA,NA
"173",2013-04-26,23.4231858293077,18,NA,NA,NA
"174",2013-05-03,24.640456411717,37,NA,NA,NA
"175",2013-05-10,23.0401179512751,22,NA,NA,NA
"176",2013-05-17,23.6412613806331,26,NA,NA,NA
"177",2013-05-24,23.4390442385327,18,NA,NA,NA
"178",2013-05-31,22.4445762792708,16,NA,NA,NA
"179",2013-06-07,19.8592901169778,19,NA,NA,NA
"180",2013-06-14,25.3752282132009,21,NA,NA,NA
"181",2013-06-21,24.1973998390475,25,NA,NA,NA
"182",2013-06-28,24.0184279743981,16,NA,NA,NA
"183",2013-07-05,21.2508802243037,28,NA,NA,NA
"184",2013-07-12,24.3737167842377,25,NA,NA,NA
"185",2013-07-19,22.4956610581494,23,NA,NA,NA
"186",2013-07-26,22.2168867840035,19,NA,NA,NA
"187",2013-08-02,23.2426957128557,30,NA,NA,NA
"188",2013-08-09,25.7588772909969,22,NA,NA,NA
"189",2013-08-16,26.3804142636002,24,NA,NA,NA
"190",2013-08-23,26.9053426896561,21,NA,NA,NA
"191",2013-08-30,20.8386846490864,23,NA,NA,NA
"192",2013-09-06,22.4689473123956,18,NA,NA,NA
"193",2013-09-13,24.4055770299702,28,NA,NA,NA
"194",2013-09-20,24.8370856564907,16,NA,NA,NA
"195",2013-09-27,24.7811847657335,29,NA,NA,NA
"196",2013-10-04,26.319273192,23,NA,NA,NA
"197",2013-10-11,29.3620906945025,27,NA,NA,NA
"198",2013-10-18,24.0082735442739,27,NA,NA,NA
"199",2013-10-25,24.4501939842741,23,NA,NA,NA
"200",2013-11-01,26.6941805627063,26,NA,NA,NA
"201",2013-11-08,22.7391561627144,27,NA,NA,NA
"202",2013-11-15,25.9780612002315,34,NA,NA,NA
"203",2013-11-22,25.0055371212067,26,NA,NA,NA
"204",2013-11-29,26.1315961986455,25,NA,NA,NA
"205",2013-12-06,24.359267497912,26,NA,NA,NA
"206",2013-12-13,23.5846011923364,28,NA,NA,NA
"207",2013-12-20,26.6036441247878,22,NA,NA,NA
"208",2013-12-27,20.9292460184245,23,NA,NA,NA
"209",2014-01-03,19.894842593573,16,NA,NA,NA
"210",2014-01-10,23.1957705981795,21,NA,NA,NA
"211",2014-01-17,26.2270997156884,40,NA,NA,NA
"212",2014-01-24,24.1478970442849,19,NA,NA,NA
"213",2014-01-31,23.2578469306821,27,NA,NA,NA
"214",2014-02-07,25.7261016137946,19,NA,NA,NA
"215",2014-02-14,24.3857573739747,25,NA,NA,NA
"216",2014-02-21,23.4990834572974,27,NA,NA,NA
"217",2014-02-28,22.33469439848,36,NA,NA,NA
"218",2014-03-07,21.4235632080229,20,NA,NA,NA
"219",2014-03-14,20.3990051260047,25,NA,NA,NA
"220",2014-03-21,25.7924378546276,21,NA,NA,NA
"221",2014-03-28,21.9926985249899,37,NA,NA,NA
"222",2014-04-04,24.3715778059128,26,NA,NA,NA
"223",2014-04-11,23.348137020889,20,NA,NA,NA
"224",2014-04-18,22.7294664353352,20,NA,NA,NA
"225",2014-04-25,23.7146846091902,22,NA,NA,NA
"226",2014-05-02,24.9023457498542,20,NA,NA,NA
"227",2014-05-09,23.2969914216025,17,NA,NA,NA
"228",2014-05-16,23.9006086213837,25,NA,NA,NA
"229",2014-05-23,23.7026594825897,27,NA,NA,NA
"230",2014-05-30,22.7000125157527,16,NA,NA,NA
"231",2014-06-06,20.1069112741805,20,NA,NA,NA
"232",2014-06-13,25.6139623525703,24,NA,NA,NA
"233",2014-06-20,24.4233128955013,28,NA,NA,NA
"234",2014-06-27,24.2275676162412,28,NA,NA,NA
"235",2014-07-04,21.4264476301383,17,NA,NA,NA
"236",2014-07-11,24.5316341476244,24,NA,NA,NA
"237",2014-07-18,22.6375781015334,21,NA,NA,NA
"238",2014-07-25,22.3458551661076,28,NA,NA,NA
"239",2014-08-01,23.3460765870447,23,NA,NA,NA
"240",2014-08-08,25.8467910745264,30,NA,NA,NA
"241",2014-08-15,26.4415883504689,30,NA,NA,NA
"242",2014-08-22,26.9313158418543,32,NA,NA,NA
"243",2014-08-29,20.813821814427,15,NA,NA,NA
"244",2014-09-05,22.404610927613,30,NA,NA,NA
"245",2014-09-12,24.2845786434964,22,NA,NA,NA
"246",2014-09-19,24.6678012727141,20,NA,NA,NA
"247",2014-09-26,24.557674269888,22,NA,NA,NA
"248",2014-10-03,26.0511912685976,21,NA,NA,NA
"249",2014-10-10,29.0519048634325,34,NA,NA,NA
"250",2014-10-17,23.6455687465471,28,NA,NA,NA
"251",2014-10-24,24.0330287301419,26,NA,NA,NA
"252",2014-10-31,26.2176863059348,17,NA,NA,NA
"253",2014-11-07,22.2154766185469,18,NA,NA,NA
"254",2014-11-14,25.4192728575012,28,NA,NA,NA
"255",2014-11-21,24.4193922507438,25,NA,NA,NA
"256",2014-11-28,25.5186844332838,28,NA,NA,NA
"257",2014-12-05,23.7144414050106,27,NA,NA,NA
"258",2014-12-12,22.9055173347815,19,NA,NA,NA
"259",2014-12-19,25.9021575818442,27,NA,NA,NA
"260",2014-12-26,20.1972336971855,15,NA,NA,NA
"261",2015-01-02,19.1426594319506,27,NA,NA,NA
"262",2015-01-09,22.4066728794329,35,NA,NA,NA
"263",2015-01-16,25.3800169323512,21,NA,NA,NA
"264",2015-01-23,23.2686922466274,27,NA,NA,NA
"265",2015-01-30,22.3338696274746,24,NA,NA,NA
"266",2015-02-06,24.7603095819459,29,NA,NA,NA
"267",2015-02-13,23.3625272937071,35,NA,NA,NA
"268",2015-02-20,22.4027101749816,22,NA,NA,NA
"269",2015-02-27,21.1707395377841,20,NA,NA,NA
"270",2015-03-06,20.213164163927,15,NA,NA,NA
"271",2015-03-13,19.1475610659736,11,NA,NA,NA
"272",2015-03-20,24.5181120600343,27,NA,NA,NA
"273",2015-03-27,20.6851270278032,16,NA,NA,NA
"274",2015-04-03,23.0588170480934,20,NA,NA,NA
"275",2015-04-10,22.0368650642992,18,NA,NA,NA
"276",2015-04-17,21.4206645331695,23,NA,NA,NA
"277",2015-04-24,22.4022138715462,20,NA,NA,NA
"278",2015-05-01,23.5871857219842,19,NA,NA,NA
"279",2015-05-08,21.978693084787,17,NA,NA,NA
"280",2015-05-15,22.5772937531998,18,NA,NA,NA
"281",2015-05-22,22.3824158405686,22,NA,NA,NA
"282",2015-05-29,21.3880827681958,19,NA,NA,NA
"283",2015-06-05,18.7971520748426,24,NA,NA,NA
"284",2015-06-12,24.2988087152038,17,NA,NA,NA
"285",2015-06-19,23.110864205208,16,NA,NA,NA
"286",2015-06-26,22.933050774212,20,NA,NA,NA
"287",2015-07-03,20.1594161558398,19,NA,NA,NA
"288",2015-07-10,23.2874333952909,36,NA,NA,NA
"289",2015-07-17,21.3973386285427,24,NA,NA,NA
"290",2015-07-24,21.1035357656753,19,NA,NA,NA
"291",2015-07-31,22.1127298784788,21,NA,NA,NA
"292",2015-08-07,24.6235093336512,29,NA,NA,NA
"293",2015-08-14,25.228053460542,16,NA,NA,NA
"294",2015-08-21,25.7457450946737,33,NA,NA,NA
"295",2015-08-28,19.6531013564216,17,NA,NA,NA
"296",2015-09-04,21.2642375777721,21,NA,NA,NA
"297",2015-09-11,23.1757502669749,29,NA,NA,NA
"298",2015-09-18,23.5789649585704,15,NA,NA,NA
"299",2015-09-25,23.4944023799532,27,NA,NA,NA
"300",2015-10-02,25.0048452626404,30,NA,NA,NA
"301",2015-10-09,28.008171386267,21,NA,NA,NA
"302",2015-10-16,22.6214822791019,21,NA,NA,NA
"303",2015-10-23,23.0371033503611,23,NA,NA,NA
"304",2015-10-30,25.2527772839679,27,NA,NA,NA
"305",2015-11-06,21.265961892669,26,NA,NA,NA
"306",2015-11-13,24.4724017636462,19,NA,NA,NA
"307",2015-11-20,23.4866383430103,21,NA,NA,NA
"308",2015-11-27,24.6044177167199,14,NA,NA,NA
"309",2015-12-04,22.8373055484929,19,NA,NA,NA
"310",2015-12-11,22.0756605140117,23,NA,NA,NA
"311",2015-12-18,25.1126985430676,29,NA,NA,NA
"312",2015-12-25,19.4441982075841,16,NA,NA,NA
"313",2016-01-01,18.4235498849715,14,NA,NA,NA
"314",2016-01-08,21.738986258253,18,NA,NA,NA
"315",2016-01-15,24.7870224138693,28,NA,NA,NA
"316",2016-01-22,22.7395718451397,18,NA,NA,NA
"317",2016-01-29,21.8806920800481,22,NA,NA,NA
"318",2016-02-05,24.3852786967276,25,NA,NA,NA
"319",2016-02-12,23.0708076818349,24,NA,NA,NA
"320",2016-02-19,22.2095582710374,25,NA,NA,NA
"321",2016-02-26,21.0716059546238,24,NA,NA,NA
"322",2016-03-04,20.2022087329066,17,NA,NA,NA
"323",2016-03-11,19.2219187136295,27,NA,NA,NA
"324",2016-03-18,24.6550930068767,24,NA,NA,NA
"325",2016-03-25,20.8892006323906,23,NA,NA,NA
"326",2016-04-01,23.3203009335439,23,NA,NA,NA
"327",2016-04-08,22.3518575778322,19,NA,NA,NA
"328",2016-04-15,21.7881897223885,31,NA,NA,NA
"329",2016-04-22,22.8113975018937,25,NA,NA,NA
"330",2016-04-29,24.0314871083939,21,NA,NA,NA
"331",2016-05-06,22.4558957729574,21,NA,NA,NA
"332",2016-05-13,23.0823786994765,13,NA,NA,NA
"333",2016-05-20,22.9232263181294,27,NA,NA,NA
"334",2016-05-27,21.9582656250154,27,NA,NA,NA
"335",2016-06-03,19.3861218093191,19,NA,NA,NA
"336",2016-06-10,24.9145281138953,30,NA,NA,NA
"337",2016-06-17,23.7356889816381,21,NA,NA,NA
"338",2016-06-24,23.5607474742534,28,NA,NA,NA
"339",2016-07-01,20.7794812197297,20,NA,NA,NA
"340",2016-07-08,23.8993255173959,19,NA,NA,NA
"341",2016-07-15,22.026150043123,21,NA,NA,NA
"342",2016-07-22,21.754436558118,18,NA,NA,NA
"343",2016-07-29,22.7880721407193,19,NA,NA,NA
"344",2016-08-05,25.3271047126327,27,NA,NA,NA
"345",2016-08-12,25.9637538563398,20,NA,NA,NA
"346",2016-08-19,26.5088997537065,16,NA,NA,NA
"347",2016-08-26,20.4690180215947,25,NA,NA,NA
"348",2016-09-02,22.1226808524154,22,NA,NA,NA
"349",2016-09-09,24.0765184706279,18,NA,NA,NA
"350",2016-09-16,24.5390135019051,29,NA,NA,NA
"351",2016-09-23,24.4951528209474,28,NA,NA,NA
"352",2016-09-30,26.0462986704717,31,NA,NA,NA
"353",2016-10-07,29.0903868209508,27,NA,NA,NA
"354",2016-10-14,23.7374532133725,31,NA,NA,NA
"355",2016-10-21,24.1741724196976,25,NA,NA,NA
"356",2016-10-28,26.409715042669,33,NA,NA,NA
"357",2016-11-04,22.4358682727888,21,NA,NA,NA
"358",2016-11-11,25.6640672310348,26,NA,NA,NA
"359",2016-11-18,24.6917875749627,26,NA,NA,NA
"360",2016-11-25,25.8176440661938,22,NA,NA,NA
"361",2016-12-02,24.0489396788191,23,NA,NA,NA
"362",2016-12-09,23.2817297498453,28,NA,NA,NA
"363",2016-12-16,26.3077975481258,36,NA,NA,NA
"364",2016-12-23,20.6200565510344,26,NA,NA,NA
"365",2016-12-30,19.5675955258285,17,NA,NA,NA
"366",2017-01-06,22.8485749581102,26,NA,NA,NA
"367",2017-01-13,25.852337180135,23,NA,NA,NA
"368",2017-01-20,23.7692541285973,26,NA,NA,NA
"369",2017-01-27,22.864811042841,24,NA,NA,NA
"370",2017-02-03,25.322386980174,28,NA,NA,NA
"371",2017-02-10,23.9579662171598,28,NA,NA,NA
"372",2017-02-17,23.0423320919858,16,NA,NA,NA
"373",2017-02-24,21.8640041331588,21,NA,NA,NA
"374",2017-03-03,20.9596344217868,21,NA,NA,NA
"375",2017-03-10,19.9397521120035,25,NA,NA,NA
"376",2017-03-17,25.3372063001882,21,NA,NA,NA
"377",2017-03-24,21.5408398469432,28,NA,NA,NA
"378",2017-03-31,23.9352708186105,33,NA,NA,NA
"379",2017-04-07,22.9167869764381,24,NA,NA,NA
"380",2017-04-14,22.2967598455179,18,NA,NA,NA
"381",2017-04-21,23.2828544477909,29,NA,NA,NA
"382",2017-04-28,24.4608036472589,29,NA,NA,NA
"383",2017-05-05,22.8322857063738,19,NA,NA,NA
"384",2017-05-12,23.4092277473027,19,NA,NA,NA
"385",2017-05-19,23.1924517580947,18,NA,NA,NA
"386",2017-05-26,22.1830736234157,31,NA,NA,NA
"387",2017-06-02,19.5611337275945,20,NA,NA,NA
"388",2017-06-09,25.0385685647526,20,NA,NA,NA
"389",2017-06-16,23.8231820140604,30,NA,NA,NA
"390",2017-06-23,23.5989951503288,29,NA,NA,NA
"391",2017-06-30,20.7671132997108,18,NA,NA,NA
"392",2017-07-07,23.8391738452112,27,NA,NA,NA
"393",2017-07-14,21.9067310591112,26,NA,NA,NA
"394",2017-07-21,21.5684564599135,33,NA,NA,NA
"395",2017-07-28,22.5138949696497,17,NA,NA,NA
"396",2017-08-04,24.96718930449,20,NA,NA,NA
"397",2017-08-11,25.527560555131,29,NA,NA,NA
"398",2017-08-18,25.982984508605,23,NA,NA,NA
"399",2017-08-25,19.8426584169145,22,NA,NA,NA
"400",2017-09-01,21.3992586906586,19,NA,NA,NA
"401",2017-09-08,23.259277266122,19,NA,NA,NA
"402",2017-09-15,23.6253641721316,25,NA,NA,NA
"403",2017-09-22,23.4894925898666,20,NA,NA,NA
"404",2017-09-29,24.9585926009377,24,NA,NA,NA
"405",2017-10-06,27.9290583499965,28,NA,NA,NA
"406",2017-10-13,22.4994230261844,21,NA,NA,NA
"407",2017-10-20,22.8719239790177,32,NA,NA,NA
"408",2017-10-27,25.0314198657133,20,NA,NA,NA
"409",2017-11-03,20.9980841795747,10,NA,NA,NA
"410",2017-11-10,24.1804178208846,21,NA,NA,NA
"411",2017-11-17,23.1672827066771,22,NA,NA,NA
"412",2017-11-24,24.2558106580234,26,NA,NA,NA
"413",2017-12-01,22.4418536062106,23,NA,NA,NA
"414",2017-12-08,21.6271013451167,20,NA,NA,NA
"415",2017-12-15,24.6146672681137,16,NA,NA,NA
"416",2017-12-22,18.9145067871365,27,NA,NA,NA
"417",2017-12-29,17.8457715934937,8,NA,NA,NA
"418",2018-01-05,21.1208463109789,20,NA,NA,NA
"419",2018-01-12,24.1247906618504,31,NA,NA,NA
"420",2018-01-19,22.0280305879494,26,NA,NA,NA
"421",2018-01-26,21.107429702144,24,NA,NA,NA
"422",2018-02-02,23.5463440412,17,NA,NA,NA
"423",2018-02-09,22.1764033508761,19,NA,NA,NA
"424",2018-02-16,21.2655336400349,24,NA,NA,NA
"425",2018-02-23,20.0780407735024,8,NA,NA,NA
"426",2018-03-02,19.1804831563524,20,NA,NA,NA
"427",2018-03-09,18.1663028586977,21,NA,NA,NA
"428",2018-03-16,23.5726312981175,22,NA,NA,NA
"429",2018-03-23,19.7812003163842,11,NA,NA,NA
"430",2018-03-30,22.2022801957151,22,NA,NA,NA
"431",2018-04-06,21.2236482702058,18,NA,NA,NA
"432",2018-04-13,20.6496091810031,17,NA,NA,NA
"433",2018-04-20,21.6807698084401,25,NA,NA,NA
"434",2018-04-27,22.9072014209055,25,NA,NA,NA
"435",2018-05-04,21.330651355318,22,NA,NA,NA
"436",2018-05-11,21.9531476469943,22,NA,NA,NA
"437",2018-05-18,21.7755771866027,23,NA,NA,NA
"438",2018-05-25,20.7962622512932,27,NA,NA,NA
"439",2018-06-01,18.2081086494847,19,NA,NA,NA
"440",2018-06-08,23.7188268143701,14,NA,NA,NA
"441",2018-06-15,22.5433917072206,27,NA,NA,NA
"442",2018-06-22,22.361607125607,28,NA,NA,NA
"443",2018-06-29,19.5717893426843,20,NA,NA,NA
"444",2018-07-06,22.6813614741414,24,NA,NA,NA
"445",2018-07-13,20.7890548984971,23,NA,NA,NA
"446",2018-07-20,20.4935983176156,17,NA,NA,NA
"447",2018-07-27,21.5031191796342,23,NA,NA,NA
"448",2018-08-03,24.0105073869701,29,NA,NA,NA
"449",2018-08-10,24.6107869022573,29,NA,NA,NA
"450",2018-08-17,25.1048129632025,26,NA,NA,NA
"451",2018-08-24,18.9975636221252,14,NA,NA,NA
"452",2018-08-31,20.5974344721245,21,NA,NA,NA
"453",2018-09-07,22.4967317739522,18,NA,NA,NA
"454",2018-09-14,22.9024357154694,26,NA,NA,NA
"455",2018-09-21,22.803726456626,27,NA,NA,NA
"456",2018-09-28,24.2990386306847,21,NA,NA,NA
"457",2018-10-05,27.2990510521436,24,NA,NA,NA
"458",2018-10-12,21.9037637386996,24,NA,NA,NA
"459",2018-10-19,22.3054898494253,17,NA,NA,NA
"460",2018-10-26,24.5147748637174,31,NA,NA,NA
"461",2018-11-02,20.5148201672945,19,NA,NA,NA
"462",2018-11-09,23.717023684324,20,NA,NA,NA
"463",2018-11-16,22.724522965624,23,NA,NA,NA
"464",2018-11-23,23.8316297658533,27,NA,NA,NA
"465",2018-11-30,22.0342224861878,26,NA,NA,NA
"466",2018-12-07,21.2311650345977,21,NA,NA,NA
"467",2018-12-14,24.2284369313349,25,NA,NA,NA
"468",2018-12-21,18.5246095571284,17,NA,NA,NA
"469",2018-12-28,17.4658992955466,12,NA,NA,NA
"470",2019-01-04,20.7447587988912,15,NA,NA,NA
"471",2019-01-11,23.7590757738021,30,NA,NA,NA
"472",2019-01-18,21.673592010524,20,NA,NA,NA
"473",2019-01-25,20.7723108499138,16,NA,NA,NA
"474",2019-02-01,23.2414653190828,19,NA,NA,NA
"475",2019-02-08,21.8984809233568,18,NA,NA,NA
"476",2019-02-15,21.0155962744643,22,NA,NA,NA
"477",2019-02-22,19.8585818409102,29,NA,NA,NA
"478",2019-03-01,18.961270604968,28,NA,NA,NA
"479",2019-03-08,17.9356265096633,13,NA,NA,NA
"480",2019-03-15,23.3415603589743,27,NA,NA,NA
"481",2019-03-22,19.5422819106028,20,NA,NA,NA
"482",2019-03-29,21.9423513364146,19,NA,NA,NA
"483",2019-04-05,20.9466128256631,20,NA,NA,NA
"484",2019-04-12,20.3522229849244,16,NA,NA,NA
"485",2019-04-19,21.3640338975137,24,NA,NA,NA
"486",2019-04-26,22.5720892636527,18,NA,NA,NA
"487",2019-05-03,20.9866586337423,20,NA,NA,NA
"488",2019-05-10,21.6026337284071,22,NA,NA,NA
"489",2019-05-17,21.4180426824491,20,NA,NA,NA
"490",2019-05-24,20.4354719679204,22,NA,NA,NA
"491",2019-05-31,17.8506722195309,23,NA,NA,NA
"492",2019-06-07,23.3585360567429,22,NA,NA,NA
"493",2019-06-14,22.1683354443633,24,NA,NA,NA
"494",2019-06-21,21.9755252000485,21,NA,NA,NA
"495",2019-06-28,19.184104818145,17,NA,NA,NA
"496",2019-07-05,22.295796201256,9,NA,NA,NA
"497",2019-07-12,20.4264305366995,21,NA,NA,NA
"498",2019-07-19,20.1562476891148,14,NA,NA,NA
"499",2019-07-26,21.1948358474,21,NA,NA,NA
"500",2019-08-02,23.73370159464,27,NA,NA,NA
"501",2019-08-09,24.3679137405413,31,NA,NA,NA
"502",2019-08-16,24.8926769379196,26,NA,NA,NA
"503",2019-08-23,18.815862496196,16,NA,NA,NA
"504",2019-08-30,20.4430599051526,22,NA,NA,NA
"505",2019-09-06,22.3680390910294,25,NA,NA,NA
"506",2019-09-13,22.7892684367849,29,NA,NA,NA
"507",2019-09-20,22.7016491517271,22,NA,NA,NA
"508",2019-09-27,24.2150295289861,27,NA,NA,NA
"509",2019-10-04,27.2244420684354,31,NA,NA,NA
"510",2019-10-11,21.8284754479724,20,NA,NA,NA
"511",2019-10-18,22.2351139158187,22,NA,NA,NA
"512",2019-10-25,24.4420873580915,26,NA,NA,NA
"513",2019-11-01,20.4468411916646,18,NA,NA,NA
"514",2019-11-08,23.6550811192902,23,NA,NA,NA
"515",2019-11-15,22.6642543622455,27,NA,NA,NA
"516",2019-11-22,23.7672503276842,25,NA,NA,NA
"517",2019-11-29,21.9684899546586,21,NA,NA,NA
"518",2019-12-06,21.171109420701,18,NA,NA,NA
"519",2019-12-13,24.178246869247,23,NA,NA,NA
"520",2019-12-20,18.4870630043444,28,NA,NA,NA
"521",2019-12-27,17.4252707012944,14,NA,NA,NA
"522",2020-01-03,20.6981408133884,18,NA,NA,NA
"523",2020-01-10,23.7021277815339,21,NA,NA,NA
"524",2020-01-17,21.6190554679122,31,NA,NA,NA
"525",2020-01-24,20.7044359999962,25,NA,NA,NA
"526",2020-01-31,23.1473328662835,28,NA,NA,NA
"527",2020-02-07,21.7651341620409,16,NA,NA,NA
"528",2020-02-14,20.845694686079,14,NA,NA,NA
"529",2020-02-21,19.6632812207704,19,NA,NA,NA
"530",2020-02-28,18.7545400264696,19,NA,NA,NA
"531",2020-03-06,NA,NA,17.7299940291166,28.6625320362177,6.79745602201556
"532",2020-03-13,NA,NA,23.1299940291165,34.0700253649221,12.1899626933109
"533",2020-03-20,NA,NA,19.3299940291167,30.2775135646145,8.38247449361895
"534",2020-03-27,NA,NA,21.7299940291165,32.6849966458119,10.7749914124211
"535",2020-04-03,NA,NA,20.7299940291167,31.6924746189969,9.76751343923639
"536",2020-04-10,NA,NA,20.1299940291166,31.099947494615,9.16004056361825
"537",2020-04-17,NA,NA,21.1299940291165,32.1074152830767,10.1525727751562
"538",2020-04-24,NA,NA,22.3299940291167,33.3148779947576,11.3451100634757
"539",2020-05-01,NA,NA,20.7299940291166,31.7223356399971,9.73765241823616
"540",2020-05-08,NA,NA,21.3299940291166,32.3297882291002,10.3301998291331
"541",2020-05-15,NA,NA,21.1299940291166,32.1372357723368,10.1227522858963
"542",2020-05-22,NA,NA,20.1299940291167,31.1446782799424,9.11530977829104
"543",2020-05-29,NA,NA,17.5299940291166,28.5521157621173,6.50787229611592
"544",2020-06-05,NA,NA,23.0299940291165,34.059548229028,12.0004398292051
"545",2020-06-12,NA,NA,21.8299940291167,32.8669756908067,10.7930123674266
"546",2020-06-19,NA,NA,21.6299940291165,32.674398157551,10.5855899006821
"547",2020-06-26,NA,NA,18.8299940291167,29.8818156393255,7.77817241890794
"548",2020-07-03,NA,NA,21.9299940291167,32.9892281461601,10.8707599120734
"549",2020-07-10,NA,NA,20.0299940291165,31.0966356880515,8.96335237018162
"550",2020-07-17,NA,NA,19.7299940291165,30.8040382749633,8.65594978326973
"551",2020-07-24,NA,NA,20.7299940291166,31.8114359168255,9.64855214140766
"552",2020-07-31,NA,NA,23.2299940291168,34.3188286235351,12.1411594346985
"553",2020-08-07,NA,NA,23.8299940291165,34.9262164049554,12.7337716532777
"554",2020-08-14,NA,NA,24.3299940291166,35.4335992709182,13.226388787315
"555",2020-08-21,NA,NA,18.2299940291168,29.340977231222,7.11901082701174
"556",2020-08-28,NA,NA,19.8299940291165,30.9483502956318,8.71163776260122
"557",2020-09-04,NA,NA,21.7299940291166,32.8557184738823,10.6042695843509
"558",2020-09-11,NA,NA,22.1299940291166,33.2630817756745,10.9969062825588
"559",2020-09-18,NA,NA,22.0299940291166,33.1704402106775,10.8895478475558
"560",2020-09-25,NA,NA,23.5299940291165,34.6777937885288,12.3821942697043
"561",2020-10-02,NA,NA,26.5299940291167,37.6851425188343,15.374845539399
"562",2020-10-09,NA,NA,21.1299940291168,32.2924864111679,9.96750164706574
"563",2020-10-16,NA,NA,21.5299940291164,32.6998254750715,10.3601625831614
"564",2020-10-23,NA,NA,23.7299940291167,34.9071597200575,12.5528283381759
"565",2020-10-30,NA,NA,19.7299940291166,30.914489155605,8.54549890262828
"566",2020-11-06,NA,NA,22.9299940291166,34.1218137911634,11.7381742670699
"567",2020-11-13,NA,NA,21.9299940291166,33.1291336361506,10.7308544220826
"568",2020-11-20,NA,NA,23.0299940291167,34.2364486999542,11.8235393582792
"569",2020-11-27,NA,NA,21.2299940291168,32.4437589919308,10.0162290663029
"570",2020-12-04,NA,NA,20.4299940291164,31.651064521406,9.20892353682683
"571",2020-12-11,NA,NA,23.4299940291168,34.6583652976771,12.2016227605565
"572",2020-12-18,NA,NA,17.7299940291166,28.9656613300084,6.49432672822487
"573",2020-12-25,NA,NA,16.6729389810275,27.880882421268,5.46499554078689
"574",2021-01-01,NA,NA,19.9456662537548,31.1608586274726,8.73047388003705
"575",2021-01-08,NA,NA,22.9456662537548,34.168102878631,11.7232296288786
"576",2021-01-15,NA,NA,20.8547571628458,32.0844333656234,9.62508096006825
"577",2021-01-22,NA,NA,19.9456662537546,31.182577370209,8.70875513730031
"578",2021-01-29,NA,NA,22.4002117083004,33.6443530832103,11.1560703333905
"579",2021-02-05,NA,NA,21.0365753446638,32.2879423317826,9.78520835754503
"580",2021-02-12,NA,NA,20.127484435573,31.3860723975997,8.86889647354635
"581",2021-02-19,NA,NA,18.9456662537549,30.2114705623055,7.67986194520422
"582",2021-02-26,NA,NA,18.0365753446639,29.309591380243,6.7635593090848
"583",2021-03-05,NA,NA,17.0120293473109,28.3723950014787,5.65166369314308
"584",2021-03-12,NA,NA,22.4120293473108,33.7809169731255,11.0431417214961
"585",2021-03-19,NA,NA,18.612029347311,29.9894325615955,7.23462613302661
"586",2021-03-26,NA,NA,21.0120293473107,32.3979417812098,9.62611691341172
"587",2021-04-02,NA,NA,20.012029347311,31.406444646238,8.61761404838391
"588",2021-04-09,NA,NA,19.4120293473109,30.8149411708948,8.00911752372699
"589",2021-04-16,NA,NA,20.4120293473107,31.8234313693427,9.00062732527869
"590",2021-04-23,NA,NA,21.612029347311,33.0319152556922,10.1921434389298
"591",2021-04-30,NA,NA,20.0120293473109,31.4403928439997,8.58366585062205
"592",2021-05-07,NA,NA,20.6120293473109,32.0488641482712,9.17519454635063
"593",2021-05-14,NA,NA,20.4120293473108,31.8573291824599,8.96672951216176
"594",2021-05-21,NA,NA,19.412029347311,30.8657879604681,7.95827073415394
"595",2021-05-28,NA,NA,16.8120293473109,28.2742404961459,5.3498181984759
"596",2021-06-04,NA,NA,22.3120293473108,33.7826868032931,10.8413718913284
"597",2021-06-11,NA,NA,21.1120293473109,32.591126895659,9.63293179896287
"598",2021-06-18,NA,NA,20.9120293473108,32.3995607869412,9.42449790768038
"599",2021-06-25,NA,NA,18.112029347311,29.6079884907885,6.61607020383351
"600",2021-07-02,NA,NA,21.212029347311,32.7164100207984,9.70764867382363
"601",2021-07-09,NA,NA,19.3120293473108,30.8248253905193,7.79923330410232
"602",2021-07-16,NA,NA,19.0120293473108,30.5332346134504,7.4908240811711
"603",2021-07-23,NA,NA,20.0120293473108,31.5416377030413,8.48242099158033
"604",2021-07-30,NA,NA,22.5120293473111,34.0500346726928,10.9740240219293
"605",2021-08-06,NA,NA,23.1120293473108,34.6584255357561,11.5656331588655
"606",2021-08-13,NA,NA,23.6120293473108,35.1668103055355,12.0572483890862
"607",2021-08-20,NA,NA,17.5120293473112,29.0751889952862,5.94886969933614
"608",2021-08-27,NA,NA,19.1120293473108,30.6835616182144,7.54049707640711
"609",2021-09-03,NA,NA,21.0120293473109,32.5919281874809,9.43213050714084
"610",2021-09-10,NA,NA,21.4120293473109,33.0002887161971,9.82376997842475
"611",2021-09-17,NA,NA,21.3120293473109,32.9086432174277,9.71541547719414
"612",2021-09-24,NA,NA,22.8120293473108,34.4169917041903,11.2070669904312
"613",2021-10-01,NA,NA,25.812029347311,37.4253341894564,14.1987245051655
"614",2021-10-08,NA,NA,20.4120293473111,32.0336706861498,8.79038800847238
"615",2021-10-15,NA,NA,20.8120293473107,32.4420012071482,9.1820574874732
"616",2021-10-22,NA,NA,23.012029347311,34.6503257652846,11.3737329293373
"617",2021-10-29,NA,NA,19.0120293473109,30.6586443733442,7.3654143212776
"618",2021-11-05,NA,NA,22.2120293473109,33.8669570440678,10.557101650554
"619",2021-11-12,NA,NA,21.2120293473108,32.8752637901504,9.54879490447131
"620",2021-11-19,NA,NA,22.312029347311,33.983564624242,10.64049407038
"621",2021-11-26,NA,NA,20.5120293473111,32.1918595589474,8.83219913567484
"622",2021-12-03,NA,NA,19.7120293473107,31.4001486068262,8.02391008779509
"623",2021-12-10,NA,NA,22.7120293473111,34.4084317803956,11.0156269142266
"624",2021-12-17,NA,NA,17.0120293473109,28.7167090921254,5.30734960249633
"625",2021-12-24,NA,NA,15.9549742992217,27.6378765015321,4.27207209691135
"626",2021-12-31,NA,NA,19.2277015719491,30.9187168540047,7.53668628989344
"627",2022-01-07,NA,NA,22.2277015719491,33.9268243075122,10.528578836386
"628",2022-01-14,NA,NA,20.1367924810401,31.8440170555616,8.42956790651867
"629",2022-01-21,NA,NA,19.2277015719489,30.943022382528,7.51238076136972
"630",2022-01-28,NA,NA,21.6822470264947,33.405658481839,9.95883557115035
"631",2022-02-04,NA,NA,20.3186106628581,32.0501071832433,8.58711414247293
"632",2022-02-11,NA,NA,19.4095197537673,31.1490957709972,7.66994373653741
"633",2022-02-18,NA,NA,18.2277015719491,29.9753515293163,6.48005161458193
"634",2022-02-25,NA,NA,17.3186106628582,29.0743290151044,5.56289231061191
