"","Week.ended","signal","Female.85.","fit","upr","lwr"
"1",2010-01-08,2699.01360319356,3329,NA,NA,NA
"2",2010-01-15,3310.92724802664,3183,NA,NA,NA
"3",2010-01-22,3167.57472604993,3045,NA,NA,NA
"4",2010-01-29,2938.02766753652,2847,NA,NA,NA
"5",2010-02-05,2759.08711104362,2648,NA,NA,NA
"6",2010-02-12,2601.50499984221,2518,NA,NA,NA
"7",2010-02-19,2515.1337102899,2461,NA,NA,NA
"8",2010-02-26,2465.78802145902,2499,NA,NA,NA
"9",2010-03-05,2475.7727804664,2477,NA,NA,NA
"10",2010-03-12,2390.4537749349,2356,NA,NA,NA
"11",2010-03-19,2386.38966851632,2334,NA,NA,NA
"12",2010-03-26,2327.48779468142,2349,NA,NA,NA
"13",2010-04-02,2121.7547301545,1904,NA,NA,NA
"14",2010-04-09,2125.59019796835,2277,NA,NA,NA
"15",2010-04-16,2275.46434874591,2303,NA,NA,NA
"16",2010-04-23,2246.36257050379,2229,NA,NA,NA
"17",2010-04-30,2171.37224833945,2262,NA,NA,NA
"18",2010-05-07,2167.76296949789,1863,NA,NA,NA
"19",2010-05-14,2016.81339231048,2110,NA,NA,NA
"20",2010-05-21,2100.6010369196,2182,NA,NA,NA
"21",2010-05-28,2147.77041476396,2165,NA,NA,NA
"22",2010-06-04,1952.05140219885,1914,NA,NA,NA
"23",2010-06-11,1889.0322261266,2128,NA,NA,NA
"24",2010-06-18,2025.76521519198,1802,NA,NA,NA
"25",2010-06-25,1951.20922691906,1944,NA,NA,NA
"26",2010-07-02,1995.20364510046,2157,NA,NA,NA
"27",2010-07-09,1955.83524757033,1911,NA,NA,NA
"28",2010-07-16,1894.24331256142,1921,NA,NA,NA
"29",2010-07-23,1900.6105561378,1800,NA,NA,NA
"30",2010-07-30,1912.62822680992,1957,NA,NA,NA
"31",2010-08-06,1916.84982240914,1810,NA,NA,NA
"32",2010-08-13,1924.60401645249,1927,NA,NA,NA
"33",2010-08-20,1972.04263843439,2024,NA,NA,NA
"34",2010-08-27,1949.46950076709,2003,NA,NA,NA
"35",2010-09-03,1870.81175013151,1736,NA,NA,NA
"36",2010-09-10,1926.13646260542,2067,NA,NA,NA
"37",2010-09-17,2063.32905797242,2016,NA,NA,NA
"38",2010-09-24,2053.93065552925,2128,NA,NA,NA
"39",2010-10-01,2103.08527414738,2090,NA,NA,NA
"40",2010-10-08,2111.20947193594,2143,NA,NA,NA
"41",2010-10-15,2129.21975236221,2106,NA,NA,NA
"42",2010-10-22,2192.95738947285,2218,NA,NA,NA
"43",2010-10-29,2238.0515037359,2160,NA,NA,NA
"44",2010-11-05,2239.58328370664,2321,NA,NA,NA
"45",2010-11-12,2244.39371770143,2229,NA,NA,NA
"46",2010-11-19,2356.97411952858,2259,NA,NA,NA
"47",2010-11-26,2308.54767093897,2210,NA,NA,NA
"48",2010-12-03,2333.31385172335,2185,NA,NA,NA
"49",2010-12-10,2520.3043715447,2752,NA,NA,NA
"50",2010-12-17,2630.60837587534,2718,NA,NA,NA
"51",2010-12-24,2778.25471460798,2784,NA,NA,NA
"52",2010-12-31,2470.20456064912,2439,NA,NA,NA
"53",2011-01-07,2628.36533044495,3230,NA,NA,NA
"54",2011-01-14,3248.85857895095,3359,NA,NA,NA
"55",2011-01-21,3072.79377127728,2875,NA,NA,NA
"56",2011-01-28,2823.58081618687,2665,NA,NA,NA
"57",2011-02-04,2636.69113858134,2529,NA,NA,NA
"58",2011-02-11,2470.57089083842,2382,NA,NA,NA
"59",2011-02-18,2376.54011967803,2284,NA,NA,NA
"60",2011-02-25,2326.1963600568,2238,NA,NA,NA
"61",2011-03-04,2356.24075278167,2232,NA,NA,NA
"62",2011-03-11,2312.74320982322,2339,NA,NA,NA
"63",2011-03-18,2339.97060440021,2319,NA,NA,NA
"64",2011-03-25,2306.91074287081,2303,NA,NA,NA
"65",2011-04-01,2131.42918127312,2231,NA,NA,NA
"66",2011-04-08,2110.47753013654,2247,NA,NA,NA
"67",2011-04-15,2238.14669961029,2194,NA,NA,NA
"68",2011-04-22,2199.2729062046,2013,NA,NA,NA
"69",2011-04-29,2143.80727105201,1918,NA,NA,NA
"70",2011-05-06,2214.60684353217,2302,NA,NA,NA
"71",2011-05-13,2070.0484846366,2388,NA,NA,NA
"72",2011-05-20,2121.24293292334,2020,NA,NA,NA
"73",2011-05-27,2167.49749108082,2166,NA,NA,NA
"74",2011-06-03,1974.11178201322,1838,NA,NA,NA
"75",2011-06-10,1930.43402046199,2149,NA,NA,NA
"76",2011-06-17,2090.04701918533,2059,NA,NA,NA
"77",2011-06-24,2004.94497715778,2008,NA,NA,NA
"78",2011-07-01,2036.61305580713,2086,NA,NA,NA
"79",2011-07-08,2004.41520159414,1987,NA,NA,NA
"80",2011-07-15,1945.23793207367,1970,NA,NA,NA
"81",2011-07-22,1954.36579849842,1923,NA,NA,NA
"82",2011-07-29,1957.13391494272,1942,NA,NA,NA
"83",2011-08-05,1962.42693765451,2015,NA,NA,NA
"84",2011-08-12,1943.60141031671,1933,NA,NA,NA
"85",2011-08-19,1966.71464766667,1961,NA,NA,NA
"86",2011-08-26,1929.81906373898,1917,NA,NA,NA
"87",2011-09-02,1848.34688604021,1773,NA,NA,NA
"88",2011-09-09,1890.54327084827,2002,NA,NA,NA
"89",2011-09-16,2019.70801093581,1973,NA,NA,NA
"90",2011-09-23,2002.17403552976,2000,NA,NA,NA
"91",2011-09-30,2056.41713634687,2094,NA,NA,NA
"92",2011-10-07,2060.84166647513,2105,NA,NA,NA
"93",2011-10-14,2073.00714163512,2049,NA,NA,NA
"94",2011-10-21,2131.03654244036,1992,NA,NA,NA
"95",2011-10-28,2198.88117668266,2231,NA,NA,NA
"96",2011-11-04,2204.05495229726,2389,NA,NA,NA
"97",2011-11-11,2194.55088046177,2087,NA,NA,NA
"98",2011-11-18,2308.80100228775,2295,NA,NA,NA
"99",2011-11-25,2247.4448429591,2223,NA,NA,NA
"100",2011-12-02,2246.42852650877,2222,NA,NA,NA
"101",2011-12-09,2386.14922292529,2433,NA,NA,NA
"102",2011-12-16,2481.24387272101,2490,NA,NA,NA
"103",2011-12-23,2627.31981348075,2805,NA,NA,NA
"104",2011-12-30,2287.87796274585,2190,NA,NA,NA
"105",2012-01-06,2426.21122333379,2767,NA,NA,NA
"106",2012-01-13,3072.11945419358,2877,NA,NA,NA
"107",2012-01-20,2974.4156899342,2719,NA,NA,NA
"108",2012-01-27,2813.55802865524,2648,NA,NA,NA
"109",2012-02-03,2716.23380950179,2563,NA,NA,NA
"110",2012-02-10,2647.57818198034,2600,NA,NA,NA
"111",2012-02-17,2643.90203876184,2682,NA,NA,NA
"112",2012-02-24,2661.2543472408,2855,NA,NA,NA
"113",2012-03-02,2710.09329386359,2850,NA,NA,NA
"114",2012-03-09,2639.57517216368,2781,NA,NA,NA
"115",2012-03-16,2619.80663429792,2538,NA,NA,NA
"116",2012-03-23,2550.30256317947,2428,NA,NA,NA
"117",2012-03-30,2358.91129561081,2397,NA,NA,NA
"118",2012-04-06,2332.71372166008,2129,NA,NA,NA
"119",2012-04-13,2514.14933325863,2495,NA,NA,NA
"120",2012-04-20,2524.70630651931,2630,NA,NA,NA
"121",2012-04-27,2468.10058456925,2632,NA,NA,NA
"122",2012-05-04,2470.16728096375,2500,NA,NA,NA
"123",2012-05-11,2266.85963275073,2211,NA,NA,NA
"124",2012-05-18,2324.14057474466,2367,NA,NA,NA
"125",2012-05-25,2351.48775129195,2348,NA,NA,NA
"126",2012-06-01,2139.53986187384,2356,NA,NA,NA
"127",2012-06-08,2016.14798100489,1633,NA,NA,NA
"128",2012-06-15,2200.41131284987,2346,NA,NA,NA
"129",2012-06-22,2109.32297261783,2134,NA,NA,NA
"130",2012-06-29,2131.25451821286,2101,NA,NA,NA
"131",2012-07-06,2103.13356749594,2118,NA,NA,NA
"132",2012-07-13,2042.43410408071,2016,NA,NA,NA
"133",2012-07-20,2058.91951151611,1970,NA,NA,NA
"134",2012-07-27,2079.02758942134,2118,NA,NA,NA
"135",2012-08-03,2092.27608626814,2184,NA,NA,NA
"136",2012-08-10,2074.61550228924,2103,NA,NA,NA
"137",2012-08-17,2092.13176087075,2084,NA,NA,NA
"138",2012-08-24,2050.05843507548,2136,NA,NA,NA
"139",2012-08-31,1946.27894962081,1737,NA,NA,NA
"140",2012-09-07,1989.39791229348,2147,NA,NA,NA
"141",2012-09-14,2111.48153514464,2003,NA,NA,NA
"142",2012-09-21,2097.58076932868,2087,NA,NA,NA
"143",2012-09-28,2156.91518811837,2113,NA,NA,NA
"144",2012-10-05,2180.56648945073,2187,NA,NA,NA
"145",2012-10-12,2218.50192867953,2326,NA,NA,NA
"146",2012-10-19,2279.49233374374,2270,NA,NA,NA
"147",2012-10-26,2327.82913938778,2336,NA,NA,NA
"148",2012-11-02,2317.64874774262,2297,NA,NA,NA
"149",2012-11-09,2328.44978413974,2382,NA,NA,NA
"150",2012-11-16,2435.06278781244,2444,NA,NA,NA
"151",2012-11-23,2362.12567412465,2371,NA,NA,NA
"152",2012-11-30,2343.74935041102,2247,NA,NA,NA
"153",2012-12-07,2478.65374584574,2404,NA,NA,NA
"154",2012-12-14,2590.0064818852,2529,NA,NA,NA
"155",2012-12-21,2764.44050487281,2930,NA,NA,NA
"156",2012-12-28,2455.4590132004,2183,NA,NA,NA
"157",2013-01-04,2654.53289379167,3164,NA,NA,NA
"158",2013-01-11,3331.92528285495,3325,NA,NA,NA
"159",2013-01-18,3233.06428415743,2911,NA,NA,NA
"160",2013-01-25,3082.60927319965,3011,NA,NA,NA
"161",2013-02-01,2979.39273522351,2965,NA,NA,NA
"162",2013-02-08,2880.76345847436,2864,NA,NA,NA
"163",2013-02-15,2841.76899737053,2788,NA,NA,NA
"164",2013-02-22,2839.73687925,2870,NA,NA,NA
"165",2013-03-01,2897.54667446278,2804,NA,NA,NA
"166",2013-03-08,2876.49079067407,2956,NA,NA,NA
"167",2013-03-15,2916.92346313333,2979,NA,NA,NA
"168",2013-03-22,2882.66474397777,2976,NA,NA,NA
"169",2013-03-29,2689.11746426553,2428,NA,NA,NA
"170",2013-04-05,2712.65977889116,2849,NA,NA,NA
"171",2013-04-12,2884.85452431524,3194,NA,NA,NA
"172",2013-04-19,2829.22944302824,3065,NA,NA,NA
"173",2013-04-26,2683.81106909187,2782,NA,NA,NA
"174",2013-05-03,2608.46228755023,2565,NA,NA,NA
"175",2013-05-10,2340.45183508083,2143,NA,NA,NA
"176",2013-05-17,2357.58847342643,2360,NA,NA,NA
"177",2013-05-24,2351.80684384591,2331,NA,NA,NA
"178",2013-05-31,2109.73406333216,1947,NA,NA,NA
"179",2013-06-07,2021.98673964107,2184,NA,NA,NA
"180",2013-06-14,2147.33897900812,2032,NA,NA,NA
"181",2013-06-21,2042.59622104826,2053,NA,NA,NA
"182",2013-06-28,2053.34897663005,1979,NA,NA,NA
"183",2013-07-05,2021.69721203156,2012,NA,NA,NA
"184",2013-07-12,1961.72738318697,1914,NA,NA,NA
"185",2013-07-19,1982.63564416462,2060,NA,NA,NA
"186",2013-07-26,1978.32542200156,2053,NA,NA,NA
"187",2013-08-02,1960.96324599498,1927,NA,NA,NA
"188",2013-08-09,1934.4918350425,1864,NA,NA,NA
"189",2013-08-16,1960.34690086814,1875,NA,NA,NA
"190",2013-08-23,1940.00498467341,1967,NA,NA,NA
"191",2013-08-30,1868.18091021429,1794,NA,NA,NA
"192",2013-09-06,1919.82316524664,2082,NA,NA,NA
"193",2013-09-13,2049.63661212885,1961,NA,NA,NA
"194",2013-09-20,2040.02366191459,2000,NA,NA,NA
"195",2013-09-27,2108.7526273517,2217,NA,NA,NA
"196",2013-10-04,2115.40659583803,2165,NA,NA,NA
"197",2013-10-11,2128.85882195277,2060,NA,NA,NA
"198",2013-10-18,2195.95428641659,2262,NA,NA,NA
"199",2013-10-25,2237.29443292852,2267,NA,NA,NA
"200",2013-11-01,2216.38228874237,2182,NA,NA,NA
"201",2013-11-08,2218.83359060119,2234,NA,NA,NA
"202",2013-11-15,2323.75435018218,2319,NA,NA,NA
"203",2013-11-22,2251.49972940971,2306,NA,NA,NA
"204",2013-11-29,2225.89229339457,2264,NA,NA,NA
"205",2013-12-06,2330.17525515246,2359,NA,NA,NA
"206",2013-12-13,2392.95870067842,2453,NA,NA,NA
"207",2013-12-20,2497.82826562599,2471,NA,NA,NA
"208",2013-12-27,2152.65106688774,1624,NA,NA,NA
"209",2014-01-03,2359.96454548447,2971,NA,NA,NA
"210",2014-01-10,3027.97998091682,2986,NA,NA,NA
"211",2014-01-17,2925.82210086282,2785,NA,NA,NA
"212",2014-01-24,2740.63460548994,2551,NA,NA,NA
"213",2014-01-31,2623.15652109611,2575,NA,NA,NA
"214",2014-02-07,2516.12186756459,2479,NA,NA,NA
"215",2014-02-14,2472.25309984886,2461,NA,NA,NA
"216",2014-02-21,2457.97249293724,2536,NA,NA,NA
"217",2014-02-28,2495.24929151879,2573,NA,NA,NA
"218",2014-03-07,2423.94968682196,2383,NA,NA,NA
"219",2014-03-14,2435.03166655976,2420,NA,NA,NA
"220",2014-03-21,2384.79630939457,2305,NA,NA,NA
"221",2014-03-28,2205.30124626069,2278,NA,NA,NA
"222",2014-04-04,2184.99692669508,2358,NA,NA,NA
"223",2014-04-11,2306.98603889312,2280,NA,NA,NA
"224",2014-04-18,2259.45575243546,1884,NA,NA,NA
"225",2014-04-25,2228.14649787603,2163,NA,NA,NA
"226",2014-05-02,2295.23659653925,2553,NA,NA,NA
"227",2014-05-09,2117.41884691387,2040,NA,NA,NA
"228",2014-05-16,2203.92903165013,2323,NA,NA,NA
"229",2014-05-23,2247.28691773929,2223,NA,NA,NA
"230",2014-05-30,2054.95725532121,1925,NA,NA,NA
"231",2014-06-06,2011.268066752,2209,NA,NA,NA
"232",2014-06-13,2174.48320565995,2210,NA,NA,NA
"233",2014-06-20,2081.43812387041,2009,NA,NA,NA
"234",2014-06-27,2118.25709348937,2108,NA,NA,NA
"235",2014-07-04,2101.55510766411,2066,NA,NA,NA
"236",2014-07-11,2061.01998780193,2083,NA,NA,NA
"237",2014-07-18,2089.27253834782,2129,NA,NA,NA
"238",2014-07-25,2098.83454778279,2143,NA,NA,NA
"239",2014-08-01,2100.63626754585,2078,NA,NA,NA
"240",2014-08-08,2091.36414130002,2127,NA,NA,NA
"241",2014-08-15,2116.01114320426,2038,NA,NA,NA
"242",2014-08-22,2093.18881047205,2111,NA,NA,NA
"243",2014-08-29,2020.47721080527,1870,NA,NA,NA
"244",2014-09-05,2084.46517461898,2347,NA,NA,NA
"245",2014-09-12,2209.21770948498,2192,NA,NA,NA
"246",2014-09-19,2182.15657496732,2212,NA,NA,NA
"247",2014-09-26,2221.31923893751,2181,NA,NA,NA
"248",2014-10-03,2224.17508500155,2252,NA,NA,NA
"249",2014-10-10,2237.60483061185,2177,NA,NA,NA
"250",2014-10-17,2303.24619864868,2291,NA,NA,NA
"251",2014-10-24,2356.71161216265,2355,NA,NA,NA
"252",2014-10-31,2353.37389674472,2317,NA,NA,NA
"253",2014-11-07,2373.74506239947,2407,NA,NA,NA
"254",2014-11-14,2493.44831575508,2470,NA,NA,NA
"255",2014-11-21,2439.21856903902,2331,NA,NA,NA
"256",2014-11-28,2459.85882342338,2344,NA,NA,NA
"257",2014-12-05,2637.09424504625,2525,NA,NA,NA
"258",2014-12-12,2797.27188551891,2651,NA,NA,NA
"259",2014-12-19,3035.31969560787,3094,NA,NA,NA
"260",2014-12-26,2808.48968327875,2122,NA,NA,NA
"261",2015-01-02,3161.52671289244,3477,NA,NA,NA
"262",2015-01-09,4026.52956520835,4791,NA,NA,NA
"263",2015-01-16,3981.48407573973,4342,NA,NA,NA
"264",2015-01-23,3766.45425175011,3950,NA,NA,NA
"265",2015-01-30,3554.40746402814,3577,NA,NA,NA
"266",2015-02-06,3340.53301644149,3266,NA,NA,NA
"267",2015-02-13,3196.31324224032,3099,NA,NA,NA
"268",2015-02-20,3096.60835520578,3008,NA,NA,NA
"269",2015-02-27,3077.36307913547,2982,NA,NA,NA
"270",2015-03-06,2979.56717089906,3063,NA,NA,NA
"271",2015-03-13,2942.57928554053,2957,NA,NA,NA
"272",2015-03-20,2839.16568650921,2698,NA,NA,NA
"273",2015-03-27,2617.13661092566,2694,NA,NA,NA
"274",2015-04-03,2553.57594252657,2350,NA,NA,NA
"275",2015-04-10,2697.62456253495,2536,NA,NA,NA
"276",2015-04-17,2695.50620167839,2978,NA,NA,NA
"277",2015-04-24,2595.49062202243,2683,NA,NA,NA
"278",2015-05-01,2567.39695291732,2529,NA,NA,NA
"279",2015-05-08,2345.76305444962,2189,NA,NA,NA
"280",2015-05-15,2402.21896943681,2481,NA,NA,NA
"281",2015-05-22,2422.51068572415,2420,NA,NA,NA
"282",2015-05-29,2203.33786862524,1898,NA,NA,NA
"283",2015-06-05,2163.22446672641,2518,NA,NA,NA
"284",2015-06-12,2302.77691954105,2269,NA,NA,NA
"285",2015-06-19,2198.08781996393,2230,NA,NA,NA
"286",2015-06-26,2205.16370306295,2128,NA,NA,NA
"287",2015-07-03,2170.32326702438,2231,NA,NA,NA
"288",2015-07-10,2094.95873743296,2080,NA,NA,NA
"289",2015-07-17,2094.78873039502,2112,NA,NA,NA
"290",2015-07-24,2079.83350970757,1984,NA,NA,NA
"291",2015-07-31,2081.40015991199,2028,NA,NA,NA
"292",2015-08-07,2077.22881634336,2039,NA,NA,NA
"293",2015-08-14,2119.7880809153,2186,NA,NA,NA
"294",2015-08-21,2089.86319997399,2090,NA,NA,NA
"295",2015-08-28,2013.11459171249,2122,NA,NA,NA
"296",2015-09-04,2028.08032222366,1820,NA,NA,NA
"297",2015-09-11,2185.43660458557,2227,NA,NA,NA
"298",2015-09-18,2180.78391177255,2205,NA,NA,NA
"299",2015-09-25,2243.33105251201,2283,NA,NA,NA
"300",2015-10-02,2255.69780114675,2290,NA,NA,NA
"301",2015-10-09,2277.51499495054,2391,NA,NA,NA
"302",2015-10-16,2321.34874913234,2258,NA,NA,NA
"303",2015-10-23,2361.87004548441,2310,NA,NA,NA
"304",2015-10-30,2354.28795692267,2403,NA,NA,NA
"305",2015-11-06,2355.65699391836,2421,NA,NA,NA
"306",2015-11-13,2450.79259426866,2447,NA,NA,NA
"307",2015-11-20,2368.58600223211,2357,NA,NA,NA
"308",2015-11-27,2344.48894771372,2405,NA,NA,NA
"309",2015-12-04,2446.3965361777,2484,NA,NA,NA
"310",2015-12-11,2505.28198095051,2601,NA,NA,NA
"311",2015-12-18,2600.06558614219,2667,NA,NA,NA
"312",2015-12-25,2228.53973250505,2146,NA,NA,NA
"313",2016-01-01,2332.12864639712,1803,NA,NA,NA
"314",2016-01-08,3094.17561036124,3310,NA,NA,NA
"315",2016-01-15,3041.33430500075,2856,NA,NA,NA
"316",2016-01-22,2913.18381648076,2856,NA,NA,NA
"317",2016-01-29,2829.76977341709,2845,NA,NA,NA
"318",2016-02-05,2745.80502837647,2750,NA,NA,NA
"319",2016-02-12,2717.83995799294,2836,NA,NA,NA
"320",2016-02-19,2697.01694848246,2598,NA,NA,NA
"321",2016-02-26,2758.45887141656,2809,NA,NA,NA
"322",2016-03-04,2716.04376455096,2788,NA,NA,NA
"323",2016-03-11,2736.42724167847,2679,NA,NA,NA
"324",2016-03-18,2702.84669472812,2729,NA,NA,NA
"325",2016-03-25,2521.629980158,2396,NA,NA,NA
"326",2016-04-01,2534.00319394076,2496,NA,NA,NA
"327",2016-04-08,2725.26788272104,2976,NA,NA,NA
"328",2016-04-15,2698.84426668425,2828,NA,NA,NA
"329",2016-04-22,2601.11919701532,2677,NA,NA,NA
"330",2016-04-29,2577.33295946023,2550,NA,NA,NA
"331",2016-05-06,2358.08749498781,2192,NA,NA,NA
"332",2016-05-13,2418.54912426438,2545,NA,NA,NA
"333",2016-05-20,2434.57844471647,2389,NA,NA,NA
"334",2016-05-27,2218.61313173439,2350,NA,NA,NA
"335",2016-06-03,2105.95938527157,1800,NA,NA,NA
"336",2016-06-10,2287.57285314385,2391,NA,NA,NA
"337",2016-06-17,2201.14736952618,2189,NA,NA,NA
"338",2016-06-24,2234.12878993985,2171,NA,NA,NA
"339",2016-07-01,2222.75960163785,2250,NA,NA,NA
"340",2016-07-08,2176.66569453967,2155,NA,NA,NA
"341",2016-07-15,2206.929600116,2267,NA,NA,NA
"342",2016-07-22,2214.97457775844,2236,NA,NA,NA
"343",2016-07-29,2219.27279494088,2294,NA,NA,NA
"344",2016-08-05,2195.60993036399,2222,NA,NA,NA
"345",2016-08-12,2207.46983250351,2232,NA,NA,NA
"346",2016-08-19,2154.07509262557,2099,NA,NA,NA
"347",2016-08-26,2063.43286816498,2257,NA,NA,NA
"348",2016-09-02,2049.81733637077,1824,NA,NA,NA
"349",2016-09-09,2181.66875799144,2316,NA,NA,NA
"350",2016-09-16,2135.42105837337,2068,NA,NA,NA
"351",2016-09-23,2172.26722378325,2113,NA,NA,NA
"352",2016-09-30,2176.09301001524,2072,NA,NA,NA
"353",2016-10-07,2213.37323856596,2150,NA,NA,NA
"354",2016-10-14,2303.34525686389,2327,NA,NA,NA
"355",2016-10-21,2374.91447137649,2399,NA,NA,NA
"356",2016-10-28,2385.20616438996,2301,NA,NA,NA
"357",2016-11-04,2427.50302001366,2458,NA,NA,NA
"358",2016-11-11,2569.61031809666,2613,NA,NA,NA
"359",2016-11-18,2526.1918802149,2602,NA,NA,NA
"360",2016-11-25,2525.72488100561,2623,NA,NA,NA
"361",2016-12-02,2644.8859705635,2542,NA,NA,NA
"362",2016-12-09,2745.39214713227,2840,NA,NA,NA
"363",2016-12-16,2881.98903721536,2721,NA,NA,NA
"364",2016-12-23,2591.80871756001,2929,NA,NA,NA
"365",2016-12-30,2703.94279778569,2076,NA,NA,NA
"366",2017-01-06,3491.67377723631,3229,NA,NA,NA
"367",2017-01-13,3547.50974072493,3717,NA,NA,NA
"368",2017-01-20,3466.49387157111,3747,NA,NA,NA
"369",2017-01-27,3371.64371741727,3578,NA,NA,NA
"370",2017-02-03,3243.09294705926,3371,NA,NA,NA
"371",2017-02-10,3149.08457352628,3242,NA,NA,NA
"372",2017-02-17,3066.59682053081,3029,NA,NA,NA
"373",2017-02-24,3055.72096806979,3189,NA,NA,NA
"374",2017-03-03,2926.63758616141,2931,NA,NA,NA
"375",2017-03-10,2872.07661824385,2848,NA,NA,NA
"376",2017-03-17,2757.76711769204,2688,NA,NA,NA
"377",2017-03-24,2512.45839510729,2542,NA,NA,NA
"378",2017-03-31,2433.82582029209,2484,NA,NA,NA
"379",2017-04-07,2518.79077032228,2382,NA,NA,NA
"380",2017-04-14,2453.28143519308,2080,NA,NA,NA
"381",2017-04-21,2403.61600687725,2298,NA,NA,NA
"382",2017-04-28,2459.36917751272,2621,NA,NA,NA
"383",2017-05-05,2286.88824325391,2172,NA,NA,NA
"384",2017-05-12,2385.23413367456,2539,NA,NA,NA
"385",2017-05-19,2434.41005880399,2470,NA,NA,NA
"386",2017-05-26,2237.51307625828,2430,NA,NA,NA
"387",2017-06-02,2133.33014338508,2013,NA,NA,NA
"388",2017-06-09,2291.21790713823,2250,NA,NA,NA
"389",2017-06-16,2206.15472275201,2219,NA,NA,NA
"390",2017-06-23,2236.16358552718,2320,NA,NA,NA
"391",2017-06-30,2196.33141707376,2222,NA,NA,NA
"392",2017-07-07,2122.04715380842,2086,NA,NA,NA
"393",2017-07-14,2126.6150995924,2130,NA,NA,NA
"394",2017-07-21,2118.79595034326,2057,NA,NA,NA
"395",2017-07-28,2121.59501762798,2084,NA,NA,NA
"396",2017-08-04,2115.91476365123,2123,NA,NA,NA
"397",2017-08-11,2149.10560880058,2042,NA,NA,NA
"398",2017-08-18,2139.87341733894,2203,NA,NA,NA
"399",2017-08-25,2072.89221743509,2271,NA,NA,NA
"400",2017-09-01,2082.15015571456,1927,NA,NA,NA
"401",2017-09-08,2224.61815775995,2252,NA,NA,NA
"402",2017-09-15,2207.53690823471,2182,NA,NA,NA
"403",2017-09-22,2266.28491516631,2288,NA,NA,NA
"404",2017-09-29,2277.96654290957,2298,NA,NA,NA
"405",2017-10-06,2301.57346187619,2313,NA,NA,NA
"406",2017-10-13,2364.89850162318,2407,NA,NA,NA
"407",2017-10-20,2406.62123477083,2384,NA,NA,NA
"408",2017-10-27,2395.1675145456,2308,NA,NA,NA
"409",2017-11-03,2416.23258916739,2406,NA,NA,NA
"410",2017-11-10,2544.17245818573,2473,NA,NA,NA
"411",2017-11-17,2506.45685486073,2468,NA,NA,NA
"412",2017-11-24,2531.51141188311,2610,NA,NA,NA
"413",2017-12-01,2679.45249297057,2633,NA,NA,NA
"414",2017-12-08,2798.95054017685,2687,NA,NA,NA
"415",2017-12-15,2990.36588130019,2867,NA,NA,NA
"416",2017-12-22,2748.47845349318,3216,NA,NA,NA
"417",2017-12-29,2886.30025510823,2244,NA,NA,NA
"418",2018-01-05,3702.20918929853,3485,NA,NA,NA
"419",2018-01-12,3778.337488883,4122,NA,NA,NA
"420",2018-01-19,3687.40459907816,3935,NA,NA,NA
"421",2018-01-26,3588.34563495293,3858,NA,NA,NA
"422",2018-02-02,3444.60730034816,3634,NA,NA,NA
"423",2018-02-09,3324.74696673807,3331,NA,NA,NA
"424",2018-02-16,3231.43843759626,3042,NA,NA,NA
"425",2018-02-23,3236.07802230901,3222,NA,NA,NA
"426",2018-03-02,3148.06846459417,2808,NA,NA,NA
"427",2018-03-09,3194.3212344969,3422,NA,NA,NA
"428",2018-03-16,3137.15968619892,3421,NA,NA,NA
"429",2018-03-23,2887.66737233364,3081,NA,NA,NA
"430",2018-03-30,2776.4424247783,2577,NA,NA,NA
"431",2018-04-06,2872.1098264455,2761,NA,NA,NA
"432",2018-04-13,2812.84870419273,3052,NA,NA,NA
"433",2018-04-20,2663.20791606254,2750,NA,NA,NA
"434",2018-04-27,2585.61344975604,2505,NA,NA,NA
"435",2018-05-04,2321.80100662787,2267,NA,NA,NA
"436",2018-05-11,2318.39353999167,2029,NA,NA,NA
"437",2018-05-18,2342.68001985037,2341,NA,NA,NA
"438",2018-05-25,2127.35789123936,2156,NA,NA,NA
"439",2018-06-01,2033.1679237655,1864,NA,NA,NA
"440",2018-06-08,2209.51933590356,2287,NA,NA,NA
"441",2018-06-15,2122.33209178083,2136,NA,NA,NA
"442",2018-06-22,2150.07421335207,2101,NA,NA,NA
"443",2018-06-29,2131.02802609424,2104,NA,NA,NA
"444",2018-07-06,2086.66972266295,2147,NA,NA,NA
"445",2018-07-13,2104.44741677755,2159,NA,NA,NA
"446",2018-07-20,2100.96322226982,2081,NA,NA,NA
"447",2018-07-27,2100.84155463987,2114,NA,NA,NA
"448",2018-08-03,2083.43761663726,2096,NA,NA,NA
"449",2018-08-10,2103.95479240803,2190,NA,NA,NA
"450",2018-08-17,2048.5478321869,1986,NA,NA,NA
"451",2018-08-24,1957.18949886413,2053,NA,NA,NA
"452",2018-08-31,1959.81328537787,1784,NA,NA,NA
"453",2018-09-07,2099.2310581762,2127,NA,NA,NA
"454",2018-09-14,2079.03243880431,2100,NA,NA,NA
"455",2018-09-21,2126.59709469829,2100,NA,NA,NA
"456",2018-09-28,2135.47489139787,2104,NA,NA,NA
"457",2018-10-05,2165.21185976658,2193,NA,NA,NA
"458",2018-10-12,2231.82910609135,2257,NA,NA,NA
"459",2018-10-19,2279.78057942024,2321,NA,NA,NA
"460",2018-10-26,2263.48273838922,2240,NA,NA,NA
"461",2018-11-02,2268.65786773029,2220,NA,NA,NA
"462",2018-11-09,2387.37247505514,2466,NA,NA,NA
"463",2018-11-16,2314.44950850665,2368,NA,NA,NA
"464",2018-11-23,2288.33846142647,2304,NA,NA,NA
"465",2018-11-30,2396.0109942451,2374,NA,NA,NA
"466",2018-12-07,2471.00123034579,2490,NA,NA,NA
"467",2018-12-14,2595.19621933242,2552,NA,NA,NA
"468",2018-12-21,2272.18338911206,2702,NA,NA,NA
"469",2018-12-28,2335.4195318101,1776,NA,NA,NA
"470",2019-01-04,3062.36753598783,2881,NA,NA,NA
"471",2019-01-11,3043.31833960386,3074,NA,NA,NA
"472",2019-01-18,2911.4930082774,2834,NA,NA,NA
"473",2019-01-25,2827.92665606998,2835,NA,NA,NA
"474",2019-02-01,2745.2243747636,2739,NA,NA,NA
"475",2019-02-08,2720.328954671,2826,NA,NA,NA
"476",2019-02-15,2704.74175310325,2846,NA,NA,NA
"477",2019-02-22,2729.74488301539,2738,NA,NA,NA
"478",2019-03-01,2658.22529267645,2690,NA,NA,NA
"479",2019-03-08,2656.47358313273,2604,NA,NA,NA
"480",2019-03-15,2599.89866076766,2592,NA,NA,NA
"481",2019-03-22,2401.5937239108,2496,NA,NA,NA
"482",2019-03-29,2358.71446311103,2356,NA,NA,NA
"483",2019-04-05,2488.60601315301,2401,NA,NA,NA
"484",2019-04-12,2459.49241356022,2420,NA,NA,NA
"485",2019-04-19,2388.32858709383,2182,NA,NA,NA
"486",2019-04-26,2440.05148227043,2398,NA,NA,NA
"487",2019-05-03,2298.86800898825,2711,NA,NA,NA
"488",2019-05-10,2337.10218296842,2123,NA,NA,NA
"489",2019-05-17,2389.97137218312,2437,NA,NA,NA
"490",2019-05-24,2194.78366740343,2398,NA,NA,NA
"491",2019-05-31,2090.4490468649,1897,NA,NA,NA
"492",2019-06-07,2260.86725237805,2344,NA,NA,NA
"493",2019-06-14,2166.7664743637,2162,NA,NA,NA
"494",2019-06-21,2190.79241887808,2200,NA,NA,NA
"495",2019-06-28,2157.92135181371,2164,NA,NA,NA
"496",2019-07-05,2093.9959718513,2107,NA,NA,NA
"497",2019-07-12,2100.41510445425,2069,NA,NA,NA
"498",2019-07-19,2100.48303896258,2070,NA,NA,NA
"499",2019-07-26,2105.73811300669,2128,NA,NA,NA
"500",2019-08-02,2092.13196760323,2099,NA,NA,NA
"501",2019-08-09,2117.43459432834,2173,NA,NA,NA
"502",2019-08-16,2072.09966314758,1955,NA,NA,NA
"503",2019-08-23,2000.27511701127,2048,NA,NA,NA
"504",2019-08-30,2030.7729147003,1961,NA,NA,NA
"505",2019-09-06,2179.67249582018,2257,NA,NA,NA
"506",2019-09-13,2160.35998554541,2157,NA,NA,NA
"507",2019-09-20,2213.03024893826,2189,NA,NA,NA
"508",2019-09-27,2226.56844582925,2148,NA,NA,NA
"509",2019-10-04,2269.13396959922,2249,NA,NA,NA
"510",2019-10-11,2356.89163556706,2399,NA,NA,NA
"511",2019-10-18,2423.04580405048,2442,NA,NA,NA
"512",2019-10-25,2428.81245651897,2400,NA,NA,NA
"513",2019-11-01,2456.97649386668,2441,NA,NA,NA
"514",2019-11-08,2593.01157882775,2677,NA,NA,NA
"515",2019-11-15,2536.47926771416,2625,NA,NA,NA
"516",2019-11-22,2520.69345251001,2616,NA,NA,NA
"517",2019-11-29,2624.8771655287,2638,NA,NA,NA
"518",2019-12-06,2690.28478471565,2644,NA,NA,NA
"519",2019-12-13,2816.22028181453,2696,NA,NA,NA
"520",2019-12-20,2508.30742056777,2973,NA,NA,NA
"521",2019-12-27,2580.59445975796,1931,NA,NA,NA
"522",2020-01-03,3332.23377696488,3275,NA,NA,NA
"523",2020-01-10,3316.34547776603,3636,NA,NA,NA
"524",2020-01-17,3137.56006177423,3237,NA,NA,NA
"525",2020-01-24,2976.34543866821,2890,NA,NA,NA
"526",2020-01-31,2832.19793431111,2865,NA,NA,NA
"527",2020-02-07,2739.08833888222,2687,NA,NA,NA
"528",2020-02-14,2682.64958413759,2709,NA,NA,NA
"529",2020-02-21,2686.73138296055,2603,NA,NA,NA
"530",2020-02-28,2610.24508670007,2587,NA,NA,NA
"531",2020-03-06,NA,NA,2613.06959537008,3069.65558345332,2156.48360728683
"532",2020-03-13,NA,NA,2551.96959537008,3034.03076788012,2069.90842286004
"533",2020-03-20,NA,NA,2347.76959537008,2854.02564083478,1841.51354990539
"534",2020-03-27,NA,NA,2315.36959537008,2844.71578936541,1786.02340137474
"535",2020-04-03,NA,NA,2455.26959537006,3006.73999586781,1903.79919487232
"536",2020-04-10,NA,NA,2420.96959537008,2993.71021044199,1848.22898029818
"537",2020-04-17,NA,NA,2337.76959537008,2931.01829674307,1744.52089399709
"538",2020-04-24,NA,NA,2341.66959537009,2954.74074230863,1728.59844843155
"539",2020-05-01,NA,NA,2145.36959537008,2777.64203723066,1513.09715350951
"540",2020-05-08,NA,NA,2199.96959537007,2850.87715429386,1549.06203644628
"541",2020-05-15,NA,NA,2232.06959537008,2901.09340645002,1563.04578429014
"542",2020-05-22,NA,NA,2024.26959537008,2710.93186266,1337.60732808017
"543",2020-05-29,NA,NA,1942.56959537008,2646.42844403757,1238.71074670259
"544",2020-06-05,NA,NA,2102.06959537008,2822.71478433294,1381.42440640721
"545",2020-06-12,NA,NA,2011.46959537008,2748.5189138713,1274.42027686886
"546",2020-06-19,NA,NA,2038.16959537008,2791.2658092969,1285.07338144326
"547",2020-06-26,NA,NA,2009.56959537008,2778.37783996604,1240.76135077413
"548",2020-07-03,NA,NA,1950.96959537008,2735.17513378875,1166.76405695142
"549",2020-07-10,NA,NA,1964.96959537007,2764.27587960304,1165.66331113711
"550",2020-07-17,NA,NA,1967.16959537008,2781.29657904161,1153.04261169855
"551",2020-07-24,NA,NA,1969.26959537008,2797.95225783497,1140.58693290519
"552",2020-07-31,NA,NA,1956.36959537009,2799.35664426093,1113.38254647924
"553",2020-08-07,NA,NA,1983.56959537008,2840.62232077587,1126.51686996429
"554",2020-08-14,NA,NA,1949.76959537008,2820.6608535954,1078.87833714475
"555",2020-08-21,NA,NA,1869.16959537008,2753.68290402128,984.656286718886
"556",2020-08-28,NA,NA,1899.16959537008,2797.09832456237,1001.24086617778
"557",2020-09-04,NA,NA,2035.46959537009,2946.61624231375,1124.32294842642
"558",2020-09-11,NA,NA,2016.96959537008,2941.14513159926,1092.79405914091
"559",2020-09-18,NA,NA,2069.86959537006,3006.89287752066,1132.84631321947
"560",2020-09-25,NA,NA,2079.46959537009,3029.16683176708,1129.7723589731
"561",2020-10-02,NA,NA,2104.46959537009,3066.67386180621,1142.26532893397
"562",2020-10-09,NA,NA,2171.16959537008,3145.72039439272,1196.61879634744
"563",2020-10-16,NA,NA,2223.56959537007,3210.31245417548,1236.82673656467
"564",2020-10-23,NA,NA,2218.86959537008,3217.65569806238,1220.08349267779
"565",2020-10-30,NA,NA,2231.56959537008,3242.25544589885,1220.88374484131
"566",2020-11-06,NA,NA,2349.36959537007,3371.81670793231,1326.92248280783
"567",2020-11-13,NA,NA,2289.16959537008,3323.24420946456,1255.09498127559
"568",2020-11-20,NA,NA,2285.06959537008,3330.64241303628,1239.49677770387
"569",2020-11-27,NA,NA,2417.46959537008,3474.41553843919,1360.52365230097
"570",2020-12-04,NA,NA,2513.36959537007,3581.56758081006,1445.17160993009
"571",2020-12-11,NA,NA,2661.76959537009,3741.10232702694,1582.43686371323
"572",2020-12-18,NA,NA,2355.46959537007,3445.82337059793,1265.11582014222
"573",2020-12-25,NA,NA,2509.9682350507,3610.9061026493,1409.03036745211
"574",2021-01-01,NA,NA,3231.15005323255,4342.80592456773,2119.49418189736
"575",2021-01-08,NA,NA,3174.87732595982,4297.14884579601,2052.60580612362
"576",2021-01-15,NA,NA,3011.15005323254,4143.93774393053,1878.36236253455
"577",2021-01-22,NA,NA,2882.24096232345,4025.44809148175,1739.03383316516
"578",2021-01-29,NA,NA,2755.42278050527,3908.95523697097,1601.89032403957
"579",2021-02-05,NA,NA,2685.33187141435,3849.09804899525,1521.56569383346
"580",2021-02-12,NA,NA,2642.87732595981,3816.78801423328,1468.96663768633
"581",2021-02-19,NA,NA,2665.51368959618,3849.48197126768,1481.54540792469
"582",2021-02-26,NA,NA,2593.05914414163,3787.00029845603,1399.11798982723
"583",2021-03-05,NA,NA,2595.88365281164,3805.74864429457,1386.01866132871
"584",2021-03-12,NA,NA,2534.78365281164,3756.27175410588,1313.29555151741
"585",2021-03-19,NA,NA,2330.58365281165,3563.58530146861,1097.58200415468
"586",2021-03-26,NA,NA,2298.18365281164,3542.5923274753,1053.77497814797
"587",2021-04-02,NA,NA,2438.08365281162,3693.7957350843,1182.37157053895
"588",2021-04-09,NA,NA,2403.78365281164,3670.69829774751,1136.86900787577
"589",2021-04-16,NA,NA,2320.58365281164,3598.60266735735,1042.56463826593
"590",2021-04-23,NA,NA,2324.48365281165,3613.5113815777,1035.45592404559
"591",2021-04-30,NA,NA,2128.18365281164,3428.12687061586,828.240435007431
"592",2021-05-07,NA,NA,2182.78365281163,3493.55146348695,872.015842136313
"593",2021-05-14,NA,NA,2214.88365281165,3536.38739381655,893.379911806738
"594",2021-05-21,NA,NA,2007.08365281164,3339.23680522219,674.930500401096
"595",2021-05-28,NA,NA,1925.38365281164,3268.10175631094,582.66554931234
"596",2021-06-04,NA,NA,2084.88365281164,3438.08422532561,731.683080297659
"597",2021-06-11,NA,NA,1994.28365281164,3357.88611446956,630.681191153714
"598",2021-06-18,NA,NA,2020.98365281164,3394.90925393674,647.058051686548
"599",2021-06-25,NA,NA,1992.38365281165,3376.55540567122,608.211899952072
"600",2021-07-02,NA,NA,1933.78365281164,3328.12626687812,539.441038745164
"601",2021-07-09,NA,NA,1947.78365281163,3352.22347330561,543.343832317661
"602",2021-07-16,NA,NA,1949.98365281164,3364.44860231606,535.518703307218
"603",2021-07-23,NA,NA,1952.08365281164,3376.50317576264,527.664129860651
"604",2021-07-30,NA,NA,1939.18365281165,3373.48866268623,504.878642937064
"605",2021-08-06,NA,NA,1966.38365281165,3410.50648184619,522.260823777104
"606",2021-08-13,NA,NA,1932.58365281164,3386.45800409724,478.709301526037
"607",2021-08-20,NA,NA,1851.98365281165,3315.54455462391,388.422750999383
"608",2021-08-27,NA,NA,1881.98365281164,3355.16741504258,408.799890580693
"609",2021-09-03,NA,NA,2018.28365281165,3501.02782538098,535.539480242315
"610",2021-09-10,NA,NA,1999.78365281165,3492.02698594325,507.540319680045
"611",2021-09-17,NA,NA,2052.68365281162,3554.36605906906,551.001246554194
"612",2021-09-24,NA,NA,2062.28365281165,3573.34617079378,551.221134829515
"613",2021-10-01,NA,NA,2087.28365281165,3607.66841241624,566.898893207062
"614",2021-10-08,NA,NA,2153.98365281164,3683.63384198082,624.333463642464
"615",2021-10-15,NA,NA,2206.38365281163,3745.24348567904,667.523819944229
"616",2021-10-22,NA,NA,2201.68365281164,3749.69833917612,653.668966447173
"617",2021-10-29,NA,NA,2214.38365281164,3771.49936886729,657.267936755999
"618",2021-11-05,NA,NA,2332.18365281163,3898.34751306856,766.019792554705
"619",2021-11-12,NA,NA,2271.98365281164,3847.14368314579,696.823622477485
"620",2021-11-19,NA,NA,2267.88365281164,3851.988764586,683.778541037269
"621",2021-11-26,NA,NA,2400.28365281164,3993.28361801474,807.283687608545
"622",2021-12-03,NA,NA,2496.18365281163,4098.02908016237,894.338225460894
"623",2021-12-10,NA,NA,2644.58365281165,4255.22596478283,1033.94134084047
"624",2021-12-17,NA,NA,2338.28365281164,3957.67506352718,718.892242096096
"625",2021-12-24,NA,NA,2492.78229249226,4120.89283188824,864.671753096279
"626",2021-12-31,NA,NA,3213.96411067411,4850.54925901825,1577.37896232996
"627",2022-01-07,NA,NA,3157.69138340138,4802.70748273566,1512.67528406709
"628",2022-01-14,NA,NA,2993.9641106741,4647.36817089572,1340.56005045248
"629",2022-01-21,NA,NA,2865.05501976502,4526.80470177062,1203.30533775942
"630",2022-01-28,NA,NA,2738.23683794683,4408.29043736634,1068.18323852732
"631",2022-02-04,NA,NA,2668.14592885591,4346.46236034982,989.829497362011
"632",2022-02-11,NA,NA,2625.69138340137,4312.23016549646,939.152601306277
"633",2022-02-18,NA,NA,2648.32774703775,4343.04898747794,953.606506597551
"634",2022-02-25,NA,NA,2575.87320158319,4278.73758317308,873.008819993303
