"","Week.ended","signal","Male.85.","fit","upr","lwr"
"1",2010-01-08,1327.44860946188,1683,NA,NA,NA
"2",2010-01-15,1692.60645197156,1719,NA,NA,NA
"3",2010-01-22,1681.56609563807,1609,NA,NA,NA
"4",2010-01-29,1551.68313213986,1458,NA,NA,NA
"5",2010-02-05,1477.00720513937,1441,NA,NA,NA
"6",2010-02-12,1421.29704188424,1346,NA,NA,NA
"7",2010-02-19,1375.14413138248,1373,NA,NA,NA
"8",2010-02-26,1389.52604703986,1334,NA,NA,NA
"9",2010-03-05,1319.34122304495,1288,NA,NA,NA
"10",2010-03-12,1287.74962567985,1297,NA,NA,NA
"11",2010-03-19,1295.00162325839,1247,NA,NA,NA
"12",2010-03-26,1257.2676043706,1205,NA,NA,NA
"13",2010-04-02,1159.5066882027,1067,NA,NA,NA
"14",2010-04-09,1143.03160723414,1276,NA,NA,NA
"15",2010-04-16,1238.24018430403,1193,NA,NA,NA
"16",2010-04-23,1239.56078718686,1200,NA,NA,NA
"17",2010-04-30,1173.33996660286,1196,NA,NA,NA
"18",2010-05-07,1197.40994415968,1092,NA,NA,NA
"19",2010-05-14,1123.59596698913,1211,NA,NA,NA
"20",2010-05-21,1171.30355619268,1179,NA,NA,NA
"21",2010-05-28,1158.69665290181,1145,NA,NA,NA
"22",2010-06-04,1078.58330536439,1082,NA,NA,NA
"23",2010-06-11,1044.99716518899,1222,NA,NA,NA
"24",2010-06-18,1170.87892502028,1121,NA,NA,NA
"25",2010-06-25,1079.34307279861,1050,NA,NA,NA
"26",2010-07-02,1096.55000361398,1149,NA,NA,NA
"27",2010-07-09,1061.8692693314,1053,NA,NA,NA
"28",2010-07-16,1055.79666721626,1067,NA,NA,NA
"29",2010-07-23,1051.42957875391,991,NA,NA,NA
"30",2010-07-30,1049.28725397636,1008,NA,NA,NA
"31",2010-08-06,1012.54134872942,1018,NA,NA,NA
"32",2010-08-13,1040.45961879261,1031,NA,NA,NA
"33",2010-08-20,1049.43315517015,1039,NA,NA,NA
"34",2010-08-27,1079.63968607159,1120,NA,NA,NA
"35",2010-09-03,1035.32380535003,1005,NA,NA,NA
"36",2010-09-10,1026.02901042543,1097,NA,NA,NA
"37",2010-09-17,1137.66781404258,1077,NA,NA,NA
"38",2010-09-24,1116.05040231061,1171,NA,NA,NA
"39",2010-10-01,1139.24575457779,1128,NA,NA,NA
"40",2010-10-08,1183.23898019465,1191,NA,NA,NA
"41",2010-10-15,1187.31255749876,1222,NA,NA,NA
"42",2010-10-22,1200.31665144143,1215,NA,NA,NA
"43",2010-10-29,1252.64841076985,1190,NA,NA,NA
"44",2010-11-05,1230.78208775891,1295,NA,NA,NA
"45",2010-11-12,1235.28853637265,1239,NA,NA,NA
"46",2010-11-19,1275.19865766961,1212,NA,NA,NA
"47",2010-11-26,1302.3546289417,1244,NA,NA,NA
"48",2010-12-03,1276.96969763535,1206,NA,NA,NA
"49",2010-12-10,1376.05106463744,1546,NA,NA,NA
"50",2010-12-17,1406.26352269597,1427,NA,NA,NA
"51",2010-12-24,1463.92035771841,1471,NA,NA,NA
"52",2010-12-31,1307.0119463551,1339,NA,NA,NA
"53",2011-01-07,1349.40471284391,1715,NA,NA,NA
"54",2011-01-14,1707.19826709339,1760,NA,NA,NA
"55",2011-01-21,1686.68516412536,1601,NA,NA,NA
"56",2011-01-28,1548.37689477443,1374,NA,NA,NA
"57",2011-02-04,1471.71834021848,1368,NA,NA,NA
"58",2011-02-11,1419.43168051659,1411,NA,NA,NA
"59",2011-02-18,1371.36366995785,1297,NA,NA,NA
"60",2011-02-25,1389.59657253483,1321,NA,NA,NA
"61",2011-03-04,1324.30630051574,1265,NA,NA,NA
"62",2011-03-11,1299.84201750882,1228,NA,NA,NA
"63",2011-03-18,1320.69583473381,1352,NA,NA,NA
"64",2011-03-25,1290.23177456678,1323,NA,NA,NA
"65",2011-04-01,1192.95146342886,1197,NA,NA,NA
"66",2011-04-08,1169.24791270152,1271,NA,NA,NA
"67",2011-04-15,1259.72036399547,1207,NA,NA,NA
"68",2011-04-22,1256.90206683313,1117,NA,NA,NA
"69",2011-04-29,1194.55370375612,1091,NA,NA,NA
"70",2011-05-06,1232.57318168698,1298,NA,NA,NA
"71",2011-05-13,1159.06891085906,1309,NA,NA,NA
"72",2011-05-20,1202.09397783182,1126,NA,NA,NA
"73",2011-05-27,1191.49447125046,1191,NA,NA,NA
"74",2011-06-03,1112.33444379475,1058,NA,NA,NA
"75",2011-06-10,1084.31253777991,1251,NA,NA,NA
"76",2011-06-17,1216.58212240566,1197,NA,NA,NA
"77",2011-06-24,1129.01516510942,1123,NA,NA,NA
"78",2011-07-01,1148.32846517682,1176,NA,NA,NA
"79",2011-07-08,1117.73243962801,1132,NA,NA,NA
"80",2011-07-15,1113.89727644871,1079,NA,NA,NA
"81",2011-07-22,1115.44835000281,1100,NA,NA,NA
"82",2011-07-29,1115.63283672345,1130,NA,NA,NA
"83",2011-08-05,1076.77023340873,1138,NA,NA,NA
"84",2011-08-12,1098.11897853676,1074,NA,NA,NA
"85",2011-08-19,1101.69340930017,1118,NA,NA,NA
"86",2011-08-26,1124.36590402078,1128,NA,NA,NA
"87",2011-09-02,1075.44824854228,1010,NA,NA,NA
"88",2011-09-09,1064.3560528355,1177,NA,NA,NA
"89",2011-09-16,1170.87024114133,1184,NA,NA,NA
"90",2011-09-23,1138.23613513437,1157,NA,NA,NA
"91",2011-09-30,1153.30390162667,1200,NA,NA,NA
"92",2011-10-07,1184.54340053378,1144,NA,NA,NA
"93",2011-10-14,1179.71992889878,1143,NA,NA,NA
"94",2011-10-21,1189.528216563,1129,NA,NA,NA
"95",2011-10-28,1244.66914326262,1281,NA,NA,NA
"96",2011-11-04,1217.70937461009,1288,NA,NA,NA
"97",2011-11-11,1216.63752552018,1184,NA,NA,NA
"98",2011-11-18,1253.87149217711,1180,NA,NA,NA
"99",2011-11-25,1279.2034395936,1243,NA,NA,NA
"100",2011-12-02,1250.22590923807,1232,NA,NA,NA
"101",2011-12-09,1341.50355541741,1366,NA,NA,NA
"102",2011-12-16,1375.52537865927,1413,NA,NA,NA
"103",2011-12-23,1435.65518713164,1589,NA,NA,NA
"104",2011-12-30,1269.54177796725,1221,NA,NA,NA
"105",2012-01-06,1309.15913652003,1513,NA,NA,NA
"106",2012-01-13,1677.09193299822,1516,NA,NA,NA
"107",2012-01-20,1683.79557656968,1478,NA,NA,NA
"108",2012-01-27,1582.29380050277,1440,NA,NA,NA
"109",2012-02-03,1539.88018988149,1481,NA,NA,NA
"110",2012-02-10,1518.25854713314,1477,NA,NA,NA
"111",2012-02-17,1503.47648647507,1570,NA,NA,NA
"112",2012-02-24,1543.74675207624,1696,NA,NA,NA
"113",2012-03-02,1482.86095178013,1524,NA,NA,NA
"114",2012-03-09,1454.78147395409,1489,NA,NA,NA
"115",2012-03-16,1463.55210651977,1444,NA,NA,NA
"116",2012-03-23,1425.0652820756,1378,NA,NA,NA
"117",2012-03-30,1326.13620124732,1382,NA,NA,NA
"118",2012-04-06,1296.64689360503,1152,NA,NA,NA
"119",2012-04-13,1401.00635220896,1375,NA,NA,NA
"120",2012-04-20,1409.94218642727,1505,NA,NA,NA
"121",2012-04-27,1340.58850080546,1416,NA,NA,NA
"122",2012-05-04,1357.31387857887,1347,NA,NA,NA
"123",2012-05-11,1268.56272770261,1250,NA,NA,NA
"124",2012-05-18,1309.79364531595,1394,NA,NA,NA
"125",2012-05-25,1284.60143543962,1259,NA,NA,NA
"126",2012-06-01,1192.85327217978,1250,NA,NA,NA
"127",2012-06-08,1143.34245164551,915,NA,NA,NA
"128",2012-06-15,1285.66274228423,1354,NA,NA,NA
"129",2012-06-22,1201.12691149788,1229,NA,NA,NA
"130",2012-06-29,1220.76566282908,1238,NA,NA,NA
"131",2012-07-06,1191.32840582414,1188,NA,NA,NA
"132",2012-07-13,1190.05689238188,1217,NA,NA,NA
"133",2012-07-20,1189.23421174845,1192,NA,NA,NA
"134",2012-07-27,1185.59070755491,1177,NA,NA,NA
"135",2012-08-03,1144.73309485181,1147,NA,NA,NA
"136",2012-08-10,1168.79448996141,1213,NA,NA,NA
"137",2012-08-17,1169.62646878348,1190,NA,NA,NA
"138",2012-08-24,1189.23180258218,1200,NA,NA,NA
"139",2012-08-31,1136.67739171736,1029,NA,NA,NA
"140",2012-09-07,1125.32006161903,1198,NA,NA,NA
"141",2012-09-14,1234.75988571993,1228,NA,NA,NA
"142",2012-09-21,1206.63942649282,1166,NA,NA,NA
"143",2012-09-28,1230.96366354124,1217,NA,NA,NA
"144",2012-10-05,1276.30277476469,1296,NA,NA,NA
"145",2012-10-12,1280.76923797424,1310,NA,NA,NA
"146",2012-10-19,1294.60188516177,1283,NA,NA,NA
"147",2012-10-26,1349.86083955444,1373,NA,NA,NA
"148",2012-11-02,1324.07233806016,1266,NA,NA,NA
"149",2012-11-09,1334.4203955746,1364,NA,NA,NA
"150",2012-11-16,1378.10678510814,1444,NA,NA,NA
"151",2012-11-23,1398.73218826975,1412,NA,NA,NA
"152",2012-11-30,1361.09827482627,1285,NA,NA,NA
"153",2012-12-07,1448.34013090541,1370,NA,NA,NA
"154",2012-12-14,1486.53674874939,1539,NA,NA,NA
"155",2012-12-21,1549.64464321255,1655,NA,NA,NA
"156",2012-12-28,1390.34085071857,1204,NA,NA,NA
"157",2013-01-04,1447.76985467869,1757,NA,NA,NA
"158",2013-01-11,1825.0999009937,1775,NA,NA,NA
"159",2013-01-18,1832.33906912833,1621,NA,NA,NA
"160",2013-01-25,1731.81541613572,1614,NA,NA,NA
"161",2013-02-01,1688.42554759863,1758,NA,NA,NA
"162",2013-02-08,1655.57168775005,1614,NA,NA,NA
"163",2013-02-15,1629.58241148123,1608,NA,NA,NA
"164",2013-02-22,1665.67993492241,1645,NA,NA,NA
"165",2013-03-01,1614.4285669941,1596,NA,NA,NA
"166",2013-03-08,1600.73946510852,1669,NA,NA,NA
"167",2013-03-15,1621.18252238247,1638,NA,NA,NA
"168",2013-03-22,1591.46433525642,1591,NA,NA,NA
"169",2013-03-29,1497.58322116529,1393,NA,NA,NA
"170",2013-04-05,1485.95214587837,1618,NA,NA,NA
"171",2013-04-12,1586.07822544245,1805,NA,NA,NA
"172",2013-04-19,1571.22535099958,1743,NA,NA,NA
"173",2013-04-26,1471.95780063876,1522,NA,NA,NA
"174",2013-05-03,1460.79482632887,1413,NA,NA,NA
"175",2013-05-10,1347.14784324625,1220,NA,NA,NA
"176",2013-05-17,1372.15248308317,1328,NA,NA,NA
"177",2013-05-24,1340.98230547749,1332,NA,NA,NA
"178",2013-05-31,1241.92928496882,1151,NA,NA,NA
"179",2013-06-07,1196.93615805945,1341,NA,NA,NA
"180",2013-06-14,1314.04081638668,1229,NA,NA,NA
"181",2013-06-21,1216.53522653892,1228,NA,NA,NA
"182",2013-06-28,1224.51427663422,1157,NA,NA,NA
"183",2013-07-05,1190.18374044458,1211,NA,NA,NA
"184",2013-07-12,1182.09121131659,1232,NA,NA,NA
"185",2013-07-19,1172.61390989401,1170,NA,NA,NA
"186",2013-07-26,1160.74530589729,1109,NA,NA,NA
"187",2013-08-02,1115.10810373889,1091,NA,NA,NA
"188",2013-08-09,1136.49571896011,1119,NA,NA,NA
"189",2013-08-16,1139.5802115255,1089,NA,NA,NA
"190",2013-08-23,1167.1030835198,1200,NA,NA,NA
"191",2013-08-30,1120.69942970921,1067,NA,NA,NA
"192",2013-09-06,1111.18319712012,1234,NA,NA,NA
"193",2013-09-13,1218.46113661302,1147,NA,NA,NA
"194",2013-09-20,1193.34461144002,1158,NA,NA,NA
"195",2013-09-27,1220.25003871557,1280,NA,NA,NA
"196",2013-10-04,1262.28496370867,1333,NA,NA,NA
"197",2013-10-11,1259.37392283365,1233,NA,NA,NA
"198",2013-10-18,1270.26860481387,1232,NA,NA,NA
"199",2013-10-25,1324.71869407279,1354,NA,NA,NA
"200",2013-11-01,1297.63093182928,1278,NA,NA,NA
"201",2013-11-08,1303.61052466158,1354,NA,NA,NA
"202",2013-11-15,1341.26696665082,1322,NA,NA,NA
"203",2013-11-22,1362.6617043378,1356,NA,NA,NA
"204",2013-11-29,1327.3883197878,1340,NA,NA,NA
"205",2013-12-06,1409.90800489099,1466,NA,NA,NA
"206",2013-12-13,1432.64924373341,1484,NA,NA,NA
"207",2013-12-20,1480.39058201172,1480,NA,NA,NA
"208",2013-12-27,1314.16310478518,993,NA,NA,NA
"209",2014-01-03,1375.43278028887,1767,NA,NA,NA
"210",2014-01-10,1750.02961604169,1753,NA,NA,NA
"211",2014-01-17,1750.2983839984,1648,NA,NA,NA
"212",2014-01-24,1634.09840322371,1524,NA,NA,NA
"213",2014-01-31,1574.41607215032,1439,NA,NA,NA
"214",2014-02-07,1541.6364175295,1542,NA,NA,NA
"215",2014-02-14,1512.37318863189,1505,NA,NA,NA
"216",2014-02-21,1544.06227954542,1684,NA,NA,NA
"217",2014-02-28,1475.57858974946,1427,NA,NA,NA
"218",2014-03-07,1447.06437680073,1407,NA,NA,NA
"219",2014-03-14,1461.33110248127,1396,NA,NA,NA
"220",2014-03-21,1431.99541627715,1391,NA,NA,NA
"221",2014-03-28,1341.73284896242,1392,NA,NA,NA
"222",2014-04-04,1321.35689731065,1465,NA,NA,NA
"223",2014-04-11,1411.81232317765,1421,NA,NA,NA
"224",2014-04-18,1404.03419487475,1145,NA,NA,NA
"225",2014-04-25,1346.23764010464,1381,NA,NA,NA
"226",2014-05-02,1377.76562048637,1496,NA,NA,NA
"227",2014-05-09,1293.55363864534,1264,NA,NA,NA
"228",2014-05-16,1340.20125164894,1386,NA,NA,NA
"229",2014-05-23,1323.49224247495,1246,NA,NA,NA
"230",2014-05-30,1244.37029872582,1153,NA,NA,NA
"231",2014-06-06,1219.34345959686,1399,NA,NA,NA
"232",2014-06-13,1353.57264571664,1392,NA,NA,NA
"233",2014-06-20,1263.33374982637,1278,NA,NA,NA
"234",2014-06-27,1278.32388447563,1203,NA,NA,NA
"235",2014-07-04,1251.62796047465,1246,NA,NA,NA
"236",2014-07-11,1253.28137899562,1256,NA,NA,NA
"237",2014-07-18,1257.31773984111,1295,NA,NA,NA
"238",2014-07-25,1255.74550780666,1266,NA,NA,NA
"239",2014-08-01,1215.45454589588,1261,NA,NA,NA
"240",2014-08-08,1236.62718509732,1175,NA,NA,NA
"241",2014-08-15,1243.02020618434,1280,NA,NA,NA
"242",2014-08-22,1266.86072007286,1221,NA,NA,NA
"243",2014-08-29,1223.06280402905,1162,NA,NA,NA
"244",2014-09-05,1216.74020906883,1348,NA,NA,NA
"245",2014-09-12,1326.53768878696,1378,NA,NA,NA
"246",2014-09-19,1294.12636127198,1247,NA,NA,NA
"247",2014-09-26,1314.67765400277,1266,NA,NA,NA
"248",2014-10-03,1359.01542388825,1379,NA,NA,NA
"249",2014-10-10,1362.45760335147,1358,NA,NA,NA
"250",2014-10-17,1377.95568274342,1390,NA,NA,NA
"251",2014-10-24,1432.9921306677,1387,NA,NA,NA
"252",2014-10-31,1412.50064062532,1398,NA,NA,NA
"253",2014-11-07,1424.66689759586,1427,NA,NA,NA
"254",2014-11-14,1472.34687711778,1467,NA,NA,NA
"255",2014-11-21,1502.65375715889,1398,NA,NA,NA
"256",2014-11-28,1484.11630767514,1413,NA,NA,NA
"257",2014-12-05,1590.05686200581,1512,NA,NA,NA
"258",2014-12-12,1646.92956160244,1529,NA,NA,NA
"259",2014-12-19,1742.31788642629,1856,NA,NA,NA
"260",2014-12-26,1614.62970692075,1205,NA,NA,NA
"261",2015-01-02,1721.50195045285,1915,NA,NA,NA
"262",2015-01-09,2157.51541349104,2596,NA,NA,NA
"263",2015-01-16,2184.42887829751,2443,NA,NA,NA
"264",2015-01-23,2066.06137820355,2215,NA,NA,NA
"265",2015-01-30,1983.5297283162,1986,NA,NA,NA
"266",2015-02-06,1916.89175832576,1912,NA,NA,NA
"267",2015-02-13,1854.18980621765,1850,NA,NA,NA
"268",2015-02-20,1852.18600918574,1809,NA,NA,NA
"269",2015-02-27,1764.63023037782,1749,NA,NA,NA
"270",2015-03-06,1714.41329535549,1696,NA,NA,NA
"271",2015-03-13,1705.24865293101,1590,NA,NA,NA
"272",2015-03-20,1656.46707046546,1600,NA,NA,NA
"273",2015-03-27,1547.99388068753,1595,NA,NA,NA
"274",2015-04-03,1509.66767091343,1410,NA,NA,NA
"275",2015-04-10,1601.59903703327,1560,NA,NA,NA
"276",2015-04-17,1599.35171578411,1757,NA,NA,NA
"277",2015-04-24,1513.8175830373,1523,NA,NA,NA
"278",2015-05-01,1519.65031607355,1511,NA,NA,NA
"279",2015-05-08,1419.87369980958,1316,NA,NA,NA
"280",2015-05-15,1456.8904733885,1502,NA,NA,NA
"281",2015-05-22,1430.6056530076,1419,NA,NA,NA
"282",2015-05-29,1336.64744066079,1184,NA,NA,NA
"283",2015-06-05,1301.67676699066,1450,NA,NA,NA
"284",2015-06-12,1428.46380411394,1391,NA,NA,NA
"285",2015-06-19,1336.84199234749,1372,NA,NA,NA
"286",2015-06-26,1348.81312678306,1297,NA,NA,NA
"287",2015-07-03,1317.22107795067,1372,NA,NA,NA
"288",2015-07-10,1309.15542004725,1313,NA,NA,NA
"289",2015-07-17,1303.38280667397,1293,NA,NA,NA
"290",2015-07-24,1295.83916794556,1249,NA,NA,NA
"291",2015-07-31,1254.13521963351,1195,NA,NA,NA
"292",2015-08-07,1282.25269195792,1340,NA,NA,NA
"293",2015-08-14,1286.05955602586,1339,NA,NA,NA
"294",2015-08-21,1306.03959712382,1289,NA,NA,NA
"295",2015-08-28,1256.08009829947,1271,NA,NA,NA
"296",2015-09-04,1237.52937819921,1165,NA,NA,NA
"297",2015-09-11,1351.36948301009,1396,NA,NA,NA
"298",2015-09-18,1323.54623851343,1273,NA,NA,NA
"299",2015-09-25,1348.95866100324,1399,NA,NA,NA
"300",2015-10-02,1390.27572823642,1400,NA,NA,NA
"301",2015-10-09,1391.51639897249,1416,NA,NA,NA
"302",2015-10-16,1402.50227221457,1410,NA,NA,NA
"303",2015-10-23,1453.38951866686,1479,NA,NA,NA
"304",2015-10-30,1423.03199626863,1476,NA,NA,NA
"305",2015-11-06,1419.94545049923,1405,NA,NA,NA
"306",2015-11-13,1453.75216584978,1479,NA,NA,NA
"307",2015-11-20,1467.74306649767,1445,NA,NA,NA
"308",2015-11-27,1426.34979845833,1445,NA,NA,NA
"309",2015-12-04,1502.26747792237,1572,NA,NA,NA
"310",2015-12-11,1517.31763652812,1552,NA,NA,NA
"311",2015-12-18,1558.69871728769,1502,NA,NA,NA
"312",2015-12-25,1390.60668567059,1315,NA,NA,NA
"313",2016-01-01,1430.40631361388,1185,NA,NA,NA
"314",2016-01-08,1834.38976563125,1982,NA,NA,NA
"315",2016-01-15,1852.49694594266,1656,NA,NA,NA
"316",2016-01-22,1761.65629377265,1750,NA,NA,NA
"317",2016-01-29,1719.47356557807,1754,NA,NA,NA
"318",2016-02-05,1690.62511817416,1655,NA,NA,NA
"319",2016-02-12,1668.16647372882,1666,NA,NA,NA
"320",2016-02-19,1706.24443928,1577,NA,NA,NA
"321",2016-02-26,1665.64142227198,1707,NA,NA,NA
"322",2016-03-04,1657.82720025789,1745,NA,NA,NA
"323",2016-03-11,1682.6351614854,1711,NA,NA,NA
"324",2016-03-18,1656.35992438471,1705,NA,NA,NA
"325",2016-03-25,1562.00121042891,1482,NA,NA,NA
"326",2016-04-01,1547.92988064452,1583,NA,NA,NA
"327",2016-04-08,1653.35851415994,1743,NA,NA,NA
"328",2016-04-15,1654.13007336753,1789,NA,NA,NA
"329",2016-04-22,1573.43347006915,1647,NA,NA,NA
"330",2016-04-29,1578.96323453061,1548,NA,NA,NA
"331",2016-05-06,1480.66513751444,1367,NA,NA,NA
"332",2016-05-13,1519.9421894405,1673,NA,NA,NA
"333",2016-05-20,1487.29893830817,1464,NA,NA,NA
"334",2016-05-27,1387.91589990216,1417,NA,NA,NA
"335",2016-06-03,1333.01075512289,1180,NA,NA,NA
"336",2016-06-10,1463.92215644447,1466,NA,NA,NA
"337",2016-06-17,1373.26766046318,1367,NA,NA,NA
"338",2016-06-24,1389.51358135082,1454,NA,NA,NA
"339",2016-07-01,1352.91083601776,1280,NA,NA,NA
"340",2016-07-08,1350.02937160541,1334,NA,NA,NA
"341",2016-07-15,1351.02770976007,1336,NA,NA,NA
"342",2016-07-22,1350.62587670406,1414,NA,NA,NA
"343",2016-07-29,1307.26418430533,1389,NA,NA,NA
"344",2016-08-05,1322.47661495291,1302,NA,NA,NA
"345",2016-08-12,1319.62392094215,1288,NA,NA,NA
"346",2016-08-19,1339.69611537973,1324,NA,NA,NA
"347",2016-08-26,1289.72150484262,1395,NA,NA,NA
"348",2016-09-02,1263.94134406504,1196,NA,NA,NA
"349",2016-09-09,1370.18569453348,1345,NA,NA,NA
"350",2016-09-16,1340.34089840958,1338,NA,NA,NA
"351",2016-09-23,1359.88300217593,1251,NA,NA,NA
"352",2016-09-30,1408.01844396687,1350,NA,NA,NA
"353",2016-10-07,1421.48614180314,1381,NA,NA,NA
"354",2016-10-14,1449.88629749761,1508,NA,NA,NA
"355",2016-10-21,1514.14659160102,1488,NA,NA,NA
"356",2016-10-28,1501.29445818533,1472,NA,NA,NA
"357",2016-11-04,1522.28122636275,1598,NA,NA,NA
"358",2016-11-11,1572.92252480768,1565,NA,NA,NA
"359",2016-11-18,1606.39636630144,1730,NA,NA,NA
"360",2016-11-25,1572.80155844374,1616,NA,NA,NA
"361",2016-12-02,1654.55773974799,1574,NA,NA,NA
"362",2016-12-09,1687.44573913339,1738,NA,NA,NA
"363",2016-12-16,1745.39743101889,1595,NA,NA,NA
"364",2016-12-23,1601.35701834947,1796,NA,NA,NA
"365",2016-12-30,1643.63123611648,1288,NA,NA,NA
"366",2017-01-06,2058.88975636925,1907,NA,NA,NA
"367",2017-01-13,2112.18441186495,2230,NA,NA,NA
"368",2017-01-20,2031.43617826343,2282,NA,NA,NA
"369",2017-01-27,1978.40992771532,2074,NA,NA,NA
"370",2017-02-03,1933.84257030008,2059,NA,NA,NA
"371",2017-02-10,1882.82796130604,1887,NA,NA,NA
"372",2017-02-17,1891.84388854162,1884,NA,NA,NA
"373",2017-02-24,1812.4860804205,1923,NA,NA,NA
"374",2017-03-03,1760.39562913577,1768,NA,NA,NA
"375",2017-03-10,1747.28019151152,1760,NA,NA,NA
"376",2017-03-17,1684.33067187386,1672,NA,NA,NA
"377",2017-03-24,1558.16564656982,1512,NA,NA,NA
"378",2017-03-31,1509.58653699859,1455,NA,NA,NA
"379",2017-04-07,1587.66567626544,1565,NA,NA,NA
"380",2017-04-14,1570.05446792425,1250,NA,NA,NA
"381",2017-04-21,1507.29675847952,1423,NA,NA,NA
"382",2017-04-28,1543.3693944624,1655,NA,NA,NA
"383",2017-05-05,1464.22932076209,1441,NA,NA,NA
"384",2017-05-12,1515.44390144705,1657,NA,NA,NA
"385",2017-05-19,1495.65648834445,1503,NA,NA,NA
"386",2017-05-26,1406.68276123661,1553,NA,NA,NA
"387",2017-06-02,1352.82690569755,1204,NA,NA,NA
"388",2017-06-09,1484.4535531436,1477,NA,NA,NA
"389",2017-06-16,1395.2753004277,1400,NA,NA,NA
"390",2017-06-23,1412.11982252858,1465,NA,NA,NA
"391",2017-06-30,1377.04233340297,1314,NA,NA,NA
"392",2017-07-07,1374.89821315201,1391,NA,NA,NA
"393",2017-07-14,1374.06850862185,1398,NA,NA,NA
"394",2017-07-21,1368.72808763619,1358,NA,NA,NA
"395",2017-07-28,1326.3442089052,1304,NA,NA,NA
"396",2017-08-04,1350.84431626039,1304,NA,NA,NA
"397",2017-08-11,1359.38452507903,1326,NA,NA,NA
"398",2017-08-18,1390.9901909066,1414,NA,NA,NA
"399",2017-08-25,1349.4587284007,1452,NA,NA,NA
"400",2017-09-01,1332.34025857804,1221,NA,NA,NA
"401",2017-09-08,1450.71131681966,1451,NA,NA,NA
"402",2017-09-15,1430.95932628029,1452,NA,NA,NA
"403",2017-09-22,1458.72742533017,1488,NA,NA,NA
"404",2017-09-29,1504.05836999076,1532,NA,NA,NA
"405",2017-10-06,1507.85842433996,1568,NA,NA,NA
"406",2017-10-13,1518.55670948648,1519,NA,NA,NA
"407",2017-10-20,1569.71960183338,1545,NA,NA,NA
"408",2017-10-27,1543.65613423683,1494,NA,NA,NA
"409",2017-11-03,1553.05726672741,1454,NA,NA,NA
"410",2017-11-10,1606.06723977387,1608,NA,NA,NA
"411",2017-11-17,1641.1228991292,1616,NA,NA,NA
"412",2017-11-24,1620.98439823843,1624,NA,NA,NA
"413",2017-12-01,1719.40512840359,1633,NA,NA,NA
"414",2017-12-08,1769.4245385579,1736,NA,NA,NA
"415",2017-12-15,1851.21260044108,1791,NA,NA,NA
"416",2017-12-22,1723.80810222315,2004,NA,NA,NA
"417",2017-12-29,1775.88791537751,1410,NA,NA,NA
"418",2018-01-05,2201.77093551186,2080,NA,NA,NA
"419",2018-01-12,2263.28537127833,2499,NA,NA,NA
"420",2018-01-19,2181.34372955166,2390,NA,NA,NA
"421",2018-01-26,2130.47001562508,2264,NA,NA,NA
"422",2018-02-02,2085.02603073933,2204,NA,NA,NA
"423",2018-02-09,2033.62848852169,2043,NA,NA,NA
"424",2018-02-16,2041.84635093772,1999,NA,NA,NA
"425",2018-02-23,1964.4851128916,1915,NA,NA,NA
"426",2018-03-02,1927.16572949219,1751,NA,NA,NA
"427",2018-03-09,1943.49376563191,2142,NA,NA,NA
"428",2018-03-16,1895.1543282437,2075,NA,NA,NA
"429",2018-03-23,1768.25581565007,1885,NA,NA,NA
"430",2018-03-30,1705.93631964602,1505,NA,NA,NA
"431",2018-04-06,1781.95979925056,1699,NA,NA,NA
"432",2018-04-13,1767.1068799951,1974,NA,NA,NA
"433",2018-04-20,1665.03538767292,1722,NA,NA,NA
"434",2018-04-27,1650.51577837655,1566,NA,NA,NA
"435",2018-05-04,1536.44400129599,1511,NA,NA,NA
"436",2018-05-11,1552.90370111766,1343,NA,NA,NA
"437",2018-05-18,1526.422342096,1543,NA,NA,NA
"438",2018-05-25,1430.01740472936,1509,NA,NA,NA
"439",2018-06-01,1374.10641054003,1210,NA,NA,NA
"440",2018-06-08,1504.89785172001,1524,NA,NA,NA
"441",2018-06-15,1412.7641564813,1368,NA,NA,NA
"442",2018-06-22,1430.60448047334,1447,NA,NA,NA
"443",2018-06-29,1399.43576824774,1393,NA,NA,NA
"444",2018-07-06,1396.68089480053,1443,NA,NA,NA
"445",2018-07-13,1392.82785331561,1388,NA,NA,NA
"446",2018-07-20,1386.76027292166,1455,NA,NA,NA
"447",2018-07-27,1337.34435805546,1277,NA,NA,NA
"448",2018-08-03,1357.84640276026,1388,NA,NA,NA
"449",2018-08-10,1356.24095126983,1378,NA,NA,NA
"450",2018-08-17,1373.29823352182,1339,NA,NA,NA
"451",2018-08-24,1321.79392426452,1365,NA,NA,NA
"452",2018-08-31,1299.43999464794,1177,NA,NA,NA
"453",2018-09-07,1413.46180816788,1475,NA,NA,NA
"454",2018-09-14,1384.47034512188,1387,NA,NA,NA
"455",2018-09-21,1404.47691166266,1431,NA,NA,NA
"456",2018-09-28,1442.26584581122,1397,NA,NA,NA
"457",2018-10-05,1444.36885461552,1443,NA,NA,NA
"458",2018-10-12,1458.28115427,1437,NA,NA,NA
"459",2018-10-19,1514.3925645655,1549,NA,NA,NA
"460",2018-10-26,1488.5408793513,1466,NA,NA,NA
"461",2018-11-02,1495.98888260687,1530,NA,NA,NA
"462",2018-11-09,1536.4214010376,1549,NA,NA,NA
"463",2018-11-16,1558.04963036471,1684,NA,NA,NA
"464",2018-11-23,1512.42184437556,1568,NA,NA,NA
"465",2018-11-30,1581.15663763228,1531,NA,NA,NA
"466",2018-12-07,1598.59599171485,1532,NA,NA,NA
"467",2018-12-14,1650.45244263982,1598,NA,NA,NA
"468",2018-12-21,1492.4967539743,1708,NA,NA,NA
"469",2018-12-28,1519.19018941391,1146,NA,NA,NA
"470",2019-01-04,1920.26985338212,1758,NA,NA,NA
"471",2019-01-11,1960.21441089582,1997,NA,NA,NA
"472",2019-01-18,1872.5856030913,1828,NA,NA,NA
"473",2019-01-25,1836.24383134678,1862,NA,NA,NA
"474",2019-02-01,1813.93656800761,1834,NA,NA,NA
"475",2019-02-08,1793.57287285185,1895,NA,NA,NA
"476",2019-02-15,1825.47476125496,1932,NA,NA,NA
"477",2019-02-22,1759.87155804549,1804,NA,NA,NA
"478",2019-03-01,1726.83600083954,1787,NA,NA,NA
"479",2019-03-08,1728.57903906445,1689,NA,NA,NA
"480",2019-03-15,1684.6635924857,1633,NA,NA,NA
"481",2019-03-22,1580.67302365709,1630,NA,NA,NA
"482",2019-03-29,1546.64413506771,1501,NA,NA,NA
"483",2019-04-05,1638.55952416221,1592,NA,NA,NA
"484",2019-04-12,1636.69227660745,1629,NA,NA,NA
"485",2019-04-19,1564.73918883327,1430,NA,NA,NA
"486",2019-04-26,1595.64382531614,1588,NA,NA,NA
"487",2019-05-03,1520.85875317549,1725,NA,NA,NA
"488",2019-05-10,1558.27482053374,1411,NA,NA,NA
"489",2019-05-17,1547.74947069946,1685,NA,NA,NA
"490",2019-05-24,1457.66588843752,1532,NA,NA,NA
"491",2019-05-31,1408.44738937815,1287,NA,NA,NA
"492",2019-06-07,1542.52538276451,1614,NA,NA,NA
"493",2019-06-14,1449.49676450911,1442,NA,NA,NA
"494",2019-06-21,1463.46669613447,1427,NA,NA,NA
"495",2019-06-28,1432.64816867809,1503,NA,NA,NA
"496",2019-07-05,1424.11267403574,1318,NA,NA,NA
"497",2019-07-12,1426.6493313882,1471,NA,NA,NA
"498",2019-07-19,1423.04498283384,1426,NA,NA,NA
"499",2019-07-26,1381.30470247579,1351,NA,NA,NA
"500",2019-08-02,1407.08398272032,1455,NA,NA,NA
"501",2019-08-09,1409.33759571947,1387,NA,NA,NA
"502",2019-08-16,1433.77466680082,1436,NA,NA,NA
"503",2019-08-23,1386.73406484478,1439,NA,NA,NA
"504",2019-08-30,1368.12049344083,1232,NA,NA,NA
"505",2019-09-06,1486.97493116511,1480,NA,NA,NA
"506",2019-09-13,1468.286255025,1547,NA,NA,NA
"507",2019-09-20,1492.51298736394,1463,NA,NA,NA
"508",2019-09-27,1538.99606890474,1527,NA,NA,NA
"509",2019-10-04,1547.13692971199,1508,NA,NA,NA
"510",2019-10-11,1570.10252580787,1609,NA,NA,NA
"511",2019-10-18,1630.46250500582,1641,NA,NA,NA
"512",2019-10-25,1610.78115907417,1617,NA,NA,NA
"513",2019-11-01,1622.10329407886,1573,NA,NA,NA
"514",2019-11-08,1673.0458898076,1737,NA,NA,NA
"515",2019-11-15,1701.08231940524,1692,NA,NA,NA
"516",2019-11-22,1672.64389132132,1776,NA,NA,NA
"517",2019-11-29,1754.75339843671,1808,NA,NA,NA
"518",2019-12-06,1777.31163862521,1748,NA,NA,NA
"519",2019-12-13,1831.31015211195,1772,NA,NA,NA
"520",2019-12-20,1676.04405303561,1995,NA,NA,NA
"521",2019-12-27,1697.16730123197,1218,NA,NA,NA
"522",2020-01-03,2101.13810651597,2080,NA,NA,NA
"523",2020-01-10,2132.70569226086,2358,NA,NA,NA
"524",2020-01-17,2021.64917034092,2108,NA,NA,NA
"525",2020-01-24,1951.42557643027,1924,NA,NA,NA
"526",2020-01-31,1899.48257963954,1842,NA,NA,NA
"527",2020-02-07,1855.67450944542,1786,NA,NA,NA
"528",2020-02-14,1877.79296468119,1847,NA,NA,NA
"529",2020-02-21,1813.36996390826,1799,NA,NA,NA
"530",2020-02-28,1786.1851858671,1826,NA,NA,NA
"531",2020-03-06,NA,NA,1795.40370445381,2062.39246459598,1528.41494431164
"532",2020-03-13,NA,NA,1755.80370445381,2030.71701395295,1480.89039495466
"533",2020-03-20,NA,NA,1652.00370445381,1934.61944611958,1369.38796278804
"534",2020-03-27,NA,NA,1622.10370445381,1912.21745306771,1331.9899558399
"535",2020-04-03,NA,NA,1714.5037044538,2011.9264958339,1417.0809130737
"536",2020-04-10,NA,NA,1709.40370445381,2013.96017956122,1404.8472293464
"537",2020-04-17,NA,NA,1633.60370445381,1945.13055117391,1322.0768577337
"538",2020-04-24,NA,NA,1649.90370445381,1968.24833834119,1331.55907056643
"539",2020-05-01,NA,NA,1559.90370445381,1884.92314329157,1234.88426561605
"540",2020-05-08,NA,NA,1598.4037044538,1929.9636014859,1266.84380742171
"541",2020-05-15,NA,NA,1577.20370445381,1915.17751263641,1239.22989627121
"542",2020-05-22,NA,NA,1487.40370445381,1831.67194974369,1143.13545916393
"543",2020-05-29,NA,NA,1444.40370445381,1794.85335049799,1093.95405840963
"544",2020-06-05,NA,NA,1575.00370445381,1931.52759441072,1218.47981449689
"545",2020-06-12,NA,NA,1484.20370445381,1846.70006830803,1121.70734059959
"546",2020-06-19,NA,NA,1499.80370445381,1868.17572226332,1131.4316866443
"547",2020-06-26,NA,NA,1467.70370445381,1841.85911762135,1093.54829128628
"548",2020-07-03,NA,NA,1463.50370445381,1843.35446843894,1083.65294046868
"549",2020-07-10,NA,NA,1461.90370445381,1847.36567741302,1076.44173149459
"550",2020-07-17,NA,NA,1457.70370445381,1848.69636716646,1066.71104174116
"551",2020-07-24,NA,NA,1415.60370445381,1812.04990760456,1019.15750130306
"552",2020-07-31,NA,NA,1438.60370445381,1840.42943992899,1036.77796897864
"553",2020-08-07,NA,NA,1441.90370445381,1849.03789779513,1034.76951111249
"554",2020-08-14,NA,NA,1465.60370445381,1877.97802601761,1053.22938289001
"555",2020-08-21,NA,NA,1418.00370445381,1835.55239716249,1000.45501174513
"556",2020-08-28,NA,NA,1403.00370445381,1825.66342631082,980.343982596796
"557",2020-09-04,NA,NA,1514.60370445381,1942.31338423411,1086.89402467351
"558",2020-09-11,NA,NA,1488.10370445381,1920.80440918548,1055.40299972214
"559",2020-09-18,NA,NA,1510.8037044538,1948.43851748038,1073.16889142723
"560",2020-09-25,NA,NA,1553.40370445381,1995.91761301526,1110.88979589237
"561",2020-10-02,NA,NA,1556.70370445381,2004.04349585163,1109.36391305599
"562",2020-10-09,NA,NA,1571.70370445381,2023.81786997549,1119.58953893213
"563",2020-10-16,NA,NA,1627.20370445381,2084.0423503266,1170.36505858102
"564",2020-10-23,NA,NA,1603.50370445381,2065.01846918015,1141.98893972748
"565",2020-10-30,NA,NA,1611.30370445381,2077.4476819521,1145.15972695552
"566",2020-11-06,NA,NA,1654.80370445381,2125.53137249069,1184.07603641692
"567",2020-11-13,NA,NA,1680.50370445381,2155.77085790854,1205.23655099908
"568",2020-11-20,NA,NA,1649.00370445381,2128.76739300316,1169.24001590445
"569",2020-11-27,NA,NA,1736.30370445381,2220.52217430807,1252.08523459955
"570",2020-12-04,NA,NA,1768.30370445381,2256.93634381135,1279.67106509626
"571",2020-12-11,NA,NA,1829.40370445381,2322.41099237463,1336.39641653299
"572",2020-12-18,NA,NA,1676.50370445381,2173.84716288124,1179.16024602637
"573",2020-12-25,NA,NA,1725.45884350761,2226.79988455334,1224.11780246188
"574",2021-01-01,NA,NA,2119.00429805308,2624.57494475466,1613.4336513515
"575",2021-01-08,NA,NA,2138.45884350763,2648.22400333683,1628.69368367842
"576",2021-01-15,NA,NA,2033.2770253258,2547.2024650008,1519.35158565081
"577",2021-01-22,NA,NA,1975.82247987126,2493.87479085402,1457.7701688885
"578",2021-01-29,NA,NA,1934.45884350762,2456.60540941036,1412.31227760489
"579",2021-02-05,NA,NA,1896.64066168944,2422.84962745633,1370.43169592255
"580",2021-02-12,NA,NA,1919.18611623489,2449.42635897671,1388.94587349307
"581",2021-02-19,NA,NA,1852.73157078035,2386.97267214971,1318.490469411
"582",2021-02-26,NA,NA,1822.36793441671,2360.58015442085,1284.15571441257
"583",2021-03-05,NA,NA,1831.58645300342,2377.20964223052,1285.96326377633
"584",2021-03-12,NA,NA,1791.98645300342,2342.24074107177,1241.73216493508
"585",2021-03-19,NA,NA,1688.18645300343,2243.03318720383,1133.33971880302
"586",2021-03-26,NA,NA,1658.28645300342,2217.68793259398,1098.88497341287
"587",2021-04-02,NA,NA,1750.68645300342,2314.60589076324,1186.7670152436
"588",2021-04-09,NA,NA,1745.58645300343,2313.98793892566,1177.18496708119
"589",2021-04-16,NA,NA,1669.78645300342,2242.63491997689,1096.93798602996
"590",2021-04-23,NA,NA,1686.08645300343,2263.34764434501,1108.82526166185
"591",2021-04-30,NA,NA,1596.08645300342,2177.72689171479,1014.44601429206
"592",2021-05-07,NA,NA,1634.58645300342,2220.57341263614,1048.5994933707
"593",2021-05-14,NA,NA,1613.38645300343,2203.68793002585,1023.084975981
"594",2021-05-21,NA,NA,1523.58645300343,2118.17114057123,929.00176543562
"595",2021-05-28,NA,NA,1480.58645300343,2079.42371604352,881.749189963327
"596",2021-06-04,NA,NA,1611.18645300342,2214.2463045278,1008.12660147904
"597",2021-06-11,NA,NA,1520.38645300342,2127.63953157599,913.133374430859
"598",2021-06-18,NA,NA,1535.98645300343,2147.40400128864,924.568904718207
"599",2021-06-25,NA,NA,1503.88645300343,2119.44029733092,888.332608675933
"600",2021-07-02,NA,NA,1499.68645300343,2119.34898388746,880.02392211939
"601",2021-07-09,NA,NA,1498.08645300342,2121.83060656068,874.342299446164
"602",2021-07-16,NA,NA,1493.88645300342,2121.68569321649,866.087212790351
"603",2021-07-23,NA,NA,1451.78645300343,2083.61475478118,819.958151225674
"604",2021-07-30,NA,NA,1474.78645300343,2110.61828599279,838.954620014068
"605",2021-08-06,NA,NA,1478.08645300343,2117.89676611026,838.276139896596
"606",2021-08-13,NA,NA,1501.78645300342,2145.55065958306,858.022246423785
"607",2021-08-20,NA,NA,1454.18645300343,2101.88041668409,806.49248932277
"608",2021-08-27,NA,NA,1439.18645300342,2090.7864741081,787.586431898749
"609",2021-09-03,NA,NA,1550.78645300343,2206.26925553822,895.303650468637
"610",2021-09-10,NA,NA,1524.28645300343,2183.62917218224,864.943733824614
"611",2021-09-17,NA,NA,1546.98645300342,2210.16662328097,883.806282725864
"612",2021-09-24,NA,NA,1589.58645300343,2256.5819965902,922.590909416656
"613",2021-10-01,NA,NA,1592.88645300343,2263.67566883793,922.09723716893
"614",2021-10-08,NA,NA,1607.88645300343,2282.4480061586,933.324899848255
"615",2021-10-15,NA,NA,1663.38645300342,2341.69936450546,985.073541501388
"616",2021-10-22,NA,NA,1639.68645300343,2321.7300900426,957.642815964261
"617",2021-10-29,NA,NA,1647.48645300343,2333.2405195177,961.73238648915
"618",2021-11-05,NA,NA,1690.98645300342,2380.43098061686,1001.54192538998
"619",2021-11-12,NA,NA,1716.68645300342,2409.80179230228,1023.57111370457
"620",2021-11-19,NA,NA,1685.18645300342,2381.95326513401,988.419640872838
"621",2021-11-26,NA,NA,1772.48645300343,2472.88570157661,1072.08720443025
"622",2021-12-03,NA,NA,1804.48645300342,2508.49939629149,1100.47350971536
"623",2021-12-10,NA,NA,1865.58645300343,2573.19463641595,1157.97826959091
"624",2021-12-17,NA,NA,1712.68645300342,2423.87170182937,1001.50120417748
"625",2021-12-24,NA,NA,1761.64159205723,2476.32951800715,1046.9536661073
"626",2021-12-31,NA,NA,2155.1870466027,2873.34265469166,1437.03143851373
"627",2022-01-07,NA,NA,2174.64159205724,2896.24821852393,1453.03496559055
"628",2022-01-14,NA,NA,2069.45977387542,2794.50099290483,1344.41855484601
"629",2022-01-21,NA,NA,2012.00522842088,2740.46484653479,1283.54561030696
"630",2022-01-28,NA,NA,1970.64159205724,2702.50364268815,1238.77954142633
"631",2022-02-04,NA,NA,1932.82341023905,2668.07214847986,1197.57467199825
"632",2022-02-11,NA,NA,1955.36886478451,2693.98876230671,1216.7489672623
"633",2022-02-18,NA,NA,1888.91431932997,2630.89005946352,1146.93857919642
"634",2022-02-25,NA,NA,1858.55068296633,2603.86715593452,1113.23420999814
