"","Week.ended","signal","Male.Under.1.year","fit","upr","lwr"
"1",2010-01-08,27.8710017184529,25,NA,NA,NA
"2",2010-01-15,35.6459464259988,40,NA,NA,NA
"3",2010-01-22,35.235710073211,35,NA,NA,NA
"4",2010-01-29,37.4165648633731,39,NA,NA,NA
"5",2010-02-05,33.9598330418661,32,NA,NA,NA
"6",2010-02-12,36.0500694542233,45,NA,NA,NA
"7",2010-02-19,35.5879387903912,40,NA,NA,NA
"8",2010-02-26,36.1224004455099,36,NA,NA,NA
"9",2010-03-05,34.7478657282309,33,NA,NA,NA
"10",2010-03-12,32.465590076088,27,NA,NA,NA
"11",2010-03-19,35.1757637289455,34,NA,NA,NA
"12",2010-03-26,35.6713448376371,37,NA,NA,NA
"13",2010-04-02,34.9658997518127,28,NA,NA,NA
"14",2010-04-09,32.7658348190389,35,NA,NA,NA
"15",2010-04-16,36.8640443158376,38,NA,NA,NA
"16",2010-04-23,33.4613764506787,35,NA,NA,NA
"17",2010-04-30,35.7575202207033,33,NA,NA,NA
"18",2010-05-07,34.2557937774539,32,NA,NA,NA
"19",2010-05-14,33.8558096096044,33,NA,NA,NA
"20",2010-05-21,36.3564864312673,35,NA,NA,NA
"21",2010-05-28,36.5582109430882,43,NA,NA,NA
"22",2010-06-04,36.3549601017916,30,NA,NA,NA
"23",2010-06-11,30.3566175507656,30,NA,NA,NA
"24",2010-06-18,37.6585504353724,32,NA,NA,NA
"25",2010-06-25,33.864853734207,37,NA,NA,NA
"26",2010-07-02,33.4687355846508,31,NA,NA,NA
"27",2010-07-09,33.174524177333,34,NA,NA,NA
"28",2010-07-16,31.379675208979,36,NA,NA,NA
"29",2010-07-23,32.9812577059913,33,NA,NA,NA
"30",2010-07-30,38.7828257272839,40,NA,NA,NA
"31",2010-08-06,32.5834536569719,28,NA,NA,NA
"32",2010-08-13,35.1876216436593,38,NA,NA,NA
"33",2010-08-20,32.4896174736217,26,NA,NA,NA
"34",2010-08-27,35.0966255972565,28,NA,NA,NA
"35",2010-09-03,31.9091148408062,26,NA,NA,NA
"36",2010-09-10,31.4261680234553,33,NA,NA,NA
"37",2010-09-17,34.9420056478544,37,NA,NA,NA
"38",2010-09-24,33.9562537683867,30,NA,NA,NA
"39",2010-10-01,35.8735575244494,43,NA,NA,NA
"40",2010-10-08,34.2853571313578,38,NA,NA,NA
"41",2010-10-15,33.4942877123153,35,NA,NA,NA
"42",2010-10-22,35.0020553476592,23,NA,NA,NA
"43",2010-10-29,33.1190928400204,27,NA,NA,NA
"44",2010-11-05,34.4408564492053,38,NA,NA,NA
"45",2010-11-12,33.7598711332383,28,NA,NA,NA
"46",2010-11-19,35.2833344871281,32,NA,NA,NA
"47",2010-11-26,33.8093337434403,32,NA,NA,NA
"48",2010-12-03,32.8367304491575,22,NA,NA,NA
"49",2010-12-10,38.2724969664508,38,NA,NA,NA
"50",2010-12-17,34.2084739483561,35,NA,NA,NA
"51",2010-12-24,37.7438395905272,39,NA,NA,NA
"52",2010-12-31,29.1282350299248,24,NA,NA,NA
"53",2011-01-07,27.5294911195281,24,NA,NA,NA
"54",2011-01-14,35.3433006766284,35,NA,NA,NA
"55",2011-01-21,34.9755572021782,34,NA,NA,NA
"56",2011-01-28,37.1994762958967,43,NA,NA,NA
"57",2011-02-04,33.7825516851466,31,NA,NA,NA
"58",2011-02-11,35.9132307397738,39,NA,NA,NA
"59",2011-02-18,35.4960711648162,41,NA,NA,NA
"60",2011-02-25,36.0746605985195,33,NA,NA,NA
"61",2011-03-04,34.7465338550671,37,NA,NA,NA
"62",2011-03-11,32.5075757248851,44,NA,NA,NA
"63",2011-03-18,35.2479692790231,40,NA,NA,NA
"64",2011-03-25,35.7691919225921,45,NA,NA,NA
"65",2011-04-01,35.0832850980365,31,NA,NA,NA
"66",2011-04-08,32.900532022395,35,NA,NA,NA
"67",2011-04-15,37.0161574104915,42,NA,NA,NA
"68",2011-04-22,33.6279334988754,30,NA,NA,NA
"69",2011-04-29,35.9425116427264,24,NA,NA,NA
"70",2011-05-06,34.4663136546684,41,NA,NA,NA
"71",2011-05-13,34.0850693360898,45,NA,NA,NA
"72",2011-05-20,36.5953948075451,39,NA,NA,NA
"73",2011-05-27,36.8038630682418,36,NA,NA,NA
"74",2011-06-03,36.612952197239,29,NA,NA,NA
"75",2011-06-10,30.6279212339935,41,NA,NA,NA
"76",2011-06-17,37.9348793355922,39,NA,NA,NA
"77",2011-06-24,34.1410147850716,38,NA,NA,NA
"78",2011-07-01,33.7441697249521,41,NA,NA,NA
"79",2011-07-08,33.4417205822616,39,NA,NA,NA
"80",2011-07-15,31.6349784702447,23,NA,NA,NA
"81",2011-07-22,33.2349056339014,39,NA,NA,NA
"82",2011-07-29,39.0303800935074,44,NA,NA,NA
"83",2011-08-05,32.8220162383726,31,NA,NA,NA
"84",2011-08-12,35.4150596280405,38,NA,NA,NA
"85",2011-08-19,32.7061065240289,33,NA,NA,NA
"86",2011-08-26,35.2969264296876,49,NA,NA,NA
"87",2011-09-02,32.0771626870451,29,NA,NA,NA
"88",2011-09-09,31.5597756088407,28,NA,NA,NA
"89",2011-09-16,35.0451379439617,32,NA,NA,NA
"90",2011-09-23,34.0328522090247,32,NA,NA,NA
"91",2011-09-30,35.9221365592746,30,NA,NA,NA
"92",2011-10-07,34.3159949060233,38,NA,NA,NA
"93",2011-10-14,33.5070078900838,30,NA,NA,NA
"94",2011-10-21,35.000729532016,44,NA,NA,NA
"95",2011-10-28,33.0875005352388,32,NA,NA,NA
"96",2011-11-04,34.3751114758036,34,NA,NA,NA
"97",2011-11-11,33.663012135891,30,NA,NA,NA
"98",2011-11-18,35.153741944634,35,NA,NA,NA
"99",2011-11-25,33.644590496859,39,NA,NA,NA
"100",2011-12-02,32.6313027675123,24,NA,NA,NA
"101",2011-12-09,38.0246814748884,33,NA,NA,NA
"102",2011-12-16,33.9219410241271,49,NA,NA,NA
"103",2011-12-23,37.4075549471169,45,NA,NA,NA
"104",2011-12-30,28.7373048011607,25.5,NA,NA,NA
"105",2012-01-06,27.0824548344875,25.5,NA,NA,NA
"106",2012-01-13,34.8386545305507,29,NA,NA,NA
"107",2012-01-20,34.417545563466,31,NA,NA,NA
"108",2012-01-27,36.5899852484155,29,NA,NA,NA
"109",2012-02-03,33.1319234661033,34,NA,NA,NA
"110",2012-02-10,35.2186457653026,28,NA,NA,NA
"111",2012-02-17,34.7654888819468,30,NA,NA,NA
"112",2012-02-24,35.3160126515517,47,NA,NA,NA
"113",2012-03-02,33.9484213167116,33,NA,NA,NA
"114",2012-03-09,31.6724715914823,34,NA,NA,NA
"115",2012-03-16,34.3829521110194,35,NA,NA,NA
"116",2012-03-23,34.8774553979459,40,NA,NA,NA
"117",2012-03-30,34.1680022578563,39,NA,NA,NA
"118",2012-04-06,31.9548170963023,32,NA,NA,NA
"119",2012-04-13,36.0415970374706,35,NA,NA,NA
"120",2012-04-20,32.6291814621484,46,NA,NA,NA
"121",2012-04-27,34.9064388576256,34,NA,NA,NA
"122",2012-05-04,33.3843963464083,32,NA,NA,NA
"123",2012-05-11,32.9634230817339,36,NA,NA,NA
"124",2012-05-18,35.4401044992753,40,NA,NA,NA
"125",2012-05-25,35.6132640550956,37,NA,NA,NA
"126",2012-06-01,35.3853525573707,34,NA,NA,NA
"127",2012-06-08,29.3585110447235,20,NA,NA,NA
"128",2012-06-15,36.6388976323279,42,NA,NA,NA
"129",2012-06-22,32.8151435414431,21,NA,NA,NA
"130",2012-06-29,32.4005149451585,33,NA,NA,NA
"131",2012-07-06,32.0854233331168,41,NA,NA,NA
"132",2012-07-13,30.2634464961137,31,NA,NA,NA
"133",2012-07-20,31.8409007777425,29,NA,NA,NA
"134",2012-07-27,37.620549245554,40,NA,NA,NA
"135",2012-08-03,31.3983599307831,31,NA,NA,NA
"136",2012-08-10,33.9764782916136,43,NA,NA,NA
"137",2012-08-17,31.2476272831486,21,NA,NA,NA
"138",2012-08-24,33.8266910890153,28,NA,NA,NA
"139",2012-08-31,30.6102551735187,36,NA,NA,NA
"140",2012-09-07,30.089656457364,36,NA,NA,NA
"141",2012-09-14,33.5644928531153,31,NA,NA,NA
"142",2012-09-21,32.5413099497866,27,NA,NA,NA
"143",2012-09-28,34.4224069093174,37,NA,NA,NA
"144",2012-10-05,32.8015130498839,37,NA,NA,NA
"145",2012-10-12,31.9773764647181,27,NA,NA,NA
"146",2012-10-19,33.4570841851159,39,NA,NA,NA
"147",2012-10-26,31.5325108023549,27,NA,NA,NA
"148",2012-11-02,32.8114381305845,35,NA,NA,NA
"149",2012-11-09,32.0886751103684,38,NA,NA,NA
"150",2012-11-16,33.5613464441093,37,NA,NA,NA
"151",2012-11-23,32.0313619138442,42,NA,NA,NA
"152",2012-11-30,30.993678048171,30,NA,NA,NA
"153",2012-12-07,36.3567616554977,38,NA,NA,NA
"154",2012-12-14,32.2185760981643,39,NA,NA,NA
"155",2012-12-21,35.6751528687722,33,NA,NA,NA
"156",2012-12-28,26.9837958092047,20.5,NA,NA,NA
"157",2013-01-04,25.310346375068,20.5,NA,NA,NA
"158",2013-01-11,33.0504396844095,50,NA,NA,NA
"159",2013-01-18,32.5956237207762,32,NA,NA,NA
"160",2013-01-25,34.7321768814849,24,NA,NA,NA
"161",2013-02-01,31.2406554648531,31,NA,NA,NA
"162",2013-02-08,33.2947744653188,30,NA,NA,NA
"163",2013-02-15,32.8059836584864,32,NA,NA,NA
"164",2013-02-22,33.3178153578043,42,NA,NA,NA
"165",2013-03-01,31.9138504123972,34,NA,NA,NA
"166",2013-03-08,29.5991833081732,23,NA,NA,NA
"167",2013-03-15,32.2778410462531,39,NA,NA,NA
"168",2013-03-22,32.7358062338036,25,NA,NA,NA
"169",2013-03-29,31.9997462161387,25,NA,NA,NA
"170",2013-04-05,29.7690924930376,39,NA,NA,NA
"171",2013-04-12,33.831309225017,22,NA,NA,NA
"172",2013-04-19,30.4026639372557,33,NA,NA,NA
"173",2013-04-26,32.6720125819313,30,NA,NA,NA
"174",2013-05-03,31.1434249710124,26,NA,NA,NA
"175",2013-05-10,30.7188099141836,34,NA,NA,NA
"176",2013-05-17,33.1916606111726,41,NA,NA,NA
"177",2013-05-24,33.3584804919743,34,NA,NA,NA
"178",2013-05-31,33.1248048914654,34,NA,NA,NA
"179",2013-06-07,27.0904533289414,23,NA,NA,NA
"180",2013-06-14,34.3592610517561,36,NA,NA,NA
"181",2013-06-21,30.5268015403335,32,NA,NA,NA
"182",2013-06-28,30.0932041955416,23,NA,NA,NA
"183",2013-07-05,29.7650853281252,24,NA,NA,NA
"184",2013-07-12,27.941419157779,26,NA,NA,NA
"185",2013-07-19,29.5192524537725,27,NA,NA,NA
"186",2013-07-26,35.2990315090015,34,NA,NA,NA
"187",2013-08-02,29.0798138787461,29,NA,NA,NA
"188",2013-08-09,31.6606578932025,25,NA,NA,NA
"189",2013-08-16,28.9466463053911,28,NA,NA,NA
"190",2013-08-23,31.5333658653407,32,NA,NA,NA
"191",2013-08-30,28.3197250177115,17,NA,NA,NA
"192",2013-09-06,27.8148270253138,34,NA,NA,NA
"193",2013-09-13,31.3051518787172,33,NA,NA,NA
"194",2013-09-20,30.2941677063501,42,NA,NA,NA
"195",2013-09-27,32.1741424665587,25,NA,NA,NA
"196",2013-10-04,30.559658217286,25,NA,NA,NA
"197",2013-10-11,29.7494680022636,31,NA,NA,NA
"198",2013-10-18,31.238311931604,31,NA,NA,NA
"199",2013-10-25,29.3273399225462,28,NA,NA,NA
"200",2013-11-01,30.6173930921714,27,NA,NA,NA
"201",2013-11-08,29.9102401763194,38,NA,NA,NA
"202",2013-11-15,31.3968390875757,38,NA,NA,NA
"203",2013-11-22,29.8783380092266,28,NA,NA,NA
"204",2013-11-29,28.8612876761266,41,NA,NA,NA
"205",2013-12-06,34.2348619382018,25,NA,NA,NA
"206",2013-12-13,30.1155687994245,22,NA,NA,NA
"207",2013-12-20,33.6025437672507,47,NA,NA,NA
"208",2013-12-27,24.929171132098,19,NA,NA,NA
"209",2014-01-03,23.2732777547919,19,NA,NA,NA
"210",2014-01-10,31.0305123129023,26,NA,NA,NA
"211",2014-01-17,30.6098140345383,27,NA,NA,NA
"212",2014-01-24,32.7828129078768,29,NA,NA,NA
"213",2014-01-31,29.3223698223282,27,NA,NA,NA
"214",2014-02-07,31.4091749780277,28,NA,NA,NA
"215",2014-02-14,30.9531586843281,33,NA,NA,NA
"216",2014-02-21,31.4955615008738,31,NA,NA,NA
"217",2014-02-28,30.1292561581265,34,NA,NA,NA
"218",2014-03-07,27.8508703148455,24,NA,NA,NA
"219",2014-03-14,30.5636866383977,27,NA,NA,NA
"220",2014-03-21,31.0637547438848,33,NA,NA,NA
"221",2014-03-28,30.3623273791249,39,NA,NA,NA
"222",2014-04-04,28.1542286578487,19,NA,NA,NA
"223",2014-04-11,32.253200258138,39,NA,NA,NA
"224",2014-04-18,28.8469609285395,29,NA,NA,NA
"225",2014-04-25,31.1406033983271,33,NA,NA,NA
"226",2014-05-02,29.6328097523713,29,NA,NA,NA
"227",2014-05-09,29.2255048606961,23,NA,NA,NA
"228",2014-05-16,31.7230082737854,23,NA,NA,NA
"229",2014-05-23,31.9272489528777,38,NA,NA,NA
"230",2014-05-30,31.7267993074983,29,NA,NA,NA
"231",2014-06-06,25.7284557213697,36,NA,NA,NA
"232",2014-06-13,33.0221788484792,34,NA,NA,NA
"233",2014-06-20,29.2151467497544,24,NA,NA,NA
"234",2014-06-27,28.8121425998512,23,NA,NA,NA
"235",2014-07-04,28.5136274919745,21,NA,NA,NA
"236",2014-07-11,26.7209155778436,20,NA,NA,NA
"237",2014-07-18,28.3333946018165,21,NA,NA,NA
"238",2014-07-25,34.1515376156177,29,NA,NA,NA
"239",2014-08-01,27.973659449357,29,NA,NA,NA
"240",2014-08-08,30.5949885830226,28,NA,NA,NA
"241",2014-08-15,27.9183219711623,27,NA,NA,NA
"242",2014-08-22,30.5423646305991,26,NA,NA,NA
"243",2014-08-29,27.3699156116882,25,NA,NA,NA
"244",2014-09-05,26.8992970108368,20,NA,NA,NA
"245",2014-09-12,30.4340071220231,35,NA,NA,NA
"246",2014-09-19,29.4651906621438,37,NA,NA,NA
"247",2014-09-26,31.390554648597,34,NA,NA,NA
"248",2014-10-03,29.8139032148079,33,NA,NA,NA
"249",2014-10-10,29.0347909806987,32,NA,NA,NA
"250",2014-10-17,30.5533885502157,21,NA,NA,NA
"251",2014-10-24,28.679364734755,30,NA,NA,NA
"252",2014-10-31,30.0043209189923,34,NA,NA,NA
"253",2014-11-07,29.3261910173308,29,NA,NA,NA
"254",2014-11-14,30.8483130511921,32,NA,NA,NA
"255",2014-11-21,29.3695455729629,24,NA,NA,NA
"256",2014-11-28,28.3949252943812,36,NA,NA,NA
"257",2014-12-05,33.8144311922682,35,NA,NA,NA
"258",2014-12-12,29.7330214092146,21,NA,NA,NA
"259",2014-12-19,33.2583566258668,23,NA,NA,NA
"260",2014-12-26,24.6416149437208,25.5,NA,NA,NA
"261",2015-01-02,23.0371101110556,25.5,NA,NA,NA
"262",2015-01-09,30.8405304956816,45,NA,NA,NA
"263",2015-01-16,30.4511965501432,25,NA,NA,NA
"264",2015-01-23,32.6569819587666,34,NA,NA,NA
"265",2015-01-30,29.2253664432579,42,NA,NA,NA
"266",2015-02-06,31.3293389109286,37,NA,NA,NA
"267",2015-02-13,30.8834770651832,31,NA,NA,NA
"268",2015-02-20,31.4375252222734,25,NA,NA,NA
"269",2015-02-27,30.0874545301931,28,NA,NA,NA
"270",2015-03-06,27.829905186628,29,NA,NA,NA
"271",2015-03-13,30.5596800383757,27,NA,NA,NA
"272",2015-03-20,31.0767035775376,17,NA,NA,NA
"273",2015-03-27,30.4045993403021,29,NA,NA,NA
"274",2015-04-03,28.2335799535089,27,NA,NA,NA
"275",2015-04-10,32.3635133293428,39,NA,NA,NA
"276",2015-04-17,28.9883209762291,24,NA,NA,NA
"277",2015-04-24,31.3169813817356,36,NA,NA,NA
"278",2015-05-01,29.8420248306675,36,NA,NA,NA
"279",2015-05-08,29.4623121317832,18,NA,NA,NA
"280",2015-05-15,31.9914524161141,32,NA,NA,NA
"281",2015-05-22,32.2205860986695,35,NA,NA,NA
"282",2015-05-29,32.0475730847872,34,NA,NA,NA
"283",2015-06-05,26.0730521026599,24,NA,NA,NA
"284",2015-06-12,33.4001322543404,35,NA,NA,NA
"285",2015-06-19,29.625976738894,38,NA,NA,NA
"286",2015-06-26,29.2453534980425,31,NA,NA,NA
"287",2015-07-03,28.9633750457944,30,NA,NA,NA
"288",2015-07-10,27.1805959502543,29,NA,NA,NA
"289",2015-07-17,28.7964116274501,34,NA,NA,NA
"290",2015-07-24,34.6082082830043,38,NA,NA,NA
"291",2015-07-31,28.4173852685656,30,NA,NA,NA
"292",2015-08-07,31.0253399124654,25,NA,NA,NA
"293",2015-08-14,28.3379482625724,35,NA,NA,NA
"294",2015-08-21,30.9454111384034,33,NA,NA,NA
"295",2015-08-28,27.7512871406182,37,NA,NA,NA
"296",2015-09-04,27.2500198458463,27,NA,NA,NA
"297",2015-09-11,30.7489456553517,25,NA,NA,NA
"298",2015-09-18,29.7523116963574,25,NA,NA,NA
"299",2015-09-25,31.659348212848,29,NA,NA,NA
"300",2015-10-02,30.0684386923459,35,NA,NA,NA
"301",2015-10-09,29.2737202518821,22,NA,NA,NA
"302",2015-10-16,30.7846197114166,38,NA,NA,NA
"303",2015-10-23,28.8899463301616,37,NA,NA,NA
"304",2015-10-30,30.1890091019455,23,NA,NA,NA
"305",2015-11-06,29.4936243465799,22,NA,NA,NA
"306",2015-11-13,31.0040273354144,34,NA,NA,NA
"307",2015-11-20,29.5121163673958,35,NA,NA,NA
"308",2015-11-27,28.5159668006432,19,NA,NA,NA
"309",2015-12-04,33.9271669460078,40,NA,NA,NA
"310",2015-12-11,29.8336767035623,14,NA,NA,NA
"311",2015-12-18,33.3524156930978,37,NA,NA,NA
"312",2015-12-25,24.7183374497508,33,NA,NA,NA
"313",2016-01-01,23.0907626444836,28,NA,NA,NA
"314",2016-01-08,30.8692236058617,28,NA,NA,NA
"315",2016-01-15,30.4680824469046,36,NA,NA,NA
"316",2016-01-22,32.653577770269,32,NA,NA,NA
"317",2016-01-29,29.2032142518493,25,NA,NA,NA
"318",2016-02-05,31.301551655775,35,NA,NA,NA
"319",2016-02-12,30.8515779962298,36,NA,NA,NA
"320",2016-02-19,31.3976279231073,27,NA,NA,NA
"321",2016-02-26,30.0379834743112,34,NA,NA,NA
"322",2016-03-04,27.7661880299948,22,NA,NA,NA
"323",2016-03-11,30.4870740592512,27,NA,NA,NA
"324",2016-03-18,30.9951526982728,31,NA,NA,NA
"325",2016-03-25,30.3032275934526,32,NA,NA,NA
"326",2016-04-01,28.1099919766292,26,NA,NA,NA
"327",2016-04-08,32.2183860243389,34,NA,NA,NA
"328",2016-04-15,28.825404032168,32,NA,NA,NA
"329",2016-04-22,31.1299701223998,40,NA,NA,NA
"330",2016-04-29,29.6276853936411,22,NA,NA,NA
"331",2016-05-06,29.2312919519097,34,NA,NA,NA
"332",2016-05-13,31.7312153708755,36,NA,NA,NA
"333",2016-05-20,31.9278417692897,34,NA,NA,NA
"334",2016-05-27,31.722867724283,36,NA,NA,NA
"335",2016-06-03,25.7145902113711,16,NA,NA,NA
"336",2016-06-10,33.0138158185189,28,NA,NA,NA
"337",2016-06-17,29.2169138753764,28,NA,NA,NA
"338",2016-06-24,28.8209518227194,29,NA,NA,NA
"339",2016-07-01,28.5248514811648,26,NA,NA,NA
"340",2016-07-08,26.7307012232868,30,NA,NA,NA
"341",2016-07-15,28.3340259035481,33,NA,NA,NA
"342",2016-07-22,34.1337467916704,37,NA,NA,NA
"343",2016-07-29,27.931253912513,20,NA,NA,NA
"344",2016-08-05,30.5348867832878,29,NA,NA,NA
"345",2016-08-12,27.8397051327669,37,NA,NA,NA
"346",2016-08-19,30.4374484754078,26,NA,NA,NA
"347",2016-08-26,27.2386191071004,23,NA,NA,NA
"348",2016-09-02,26.7430634608291,21,NA,NA,NA
"349",2016-09-09,30.2519435029111,30,NA,NA,NA
"350",2016-09-16,29.261018135018,27,NA,NA,NA
"351",2016-09-23,31.171839077587,30,NA,NA,NA
"352",2016-09-30,29.5835650968606,22,NA,NA,NA
"353",2016-10-07,28.801148326594,30,NA,NA,NA
"354",2016-10-14,30.3178056162886,41,NA,NA,NA
"355",2016-10-21,28.426212451232,25,NA,NA,NA
"356",2016-10-28,29.7372655412222,25,NA,NA,NA
"357",2016-11-04,29.0519774857125,31,NA,NA,NA
"358",2016-11-11,30.5651848637219,28,NA,NA,NA
"359",2016-11-18,29.0803734771301,31,NA,NA,NA
"360",2016-11-25,28.0940794558661,27,NA,NA,NA
"361",2016-12-02,33.5086304532119,35,NA,NA,NA
"362",2016-12-09,29.4220295826434,29,NA,NA,NA
"363",2016-12-16,32.9357546690693,36,NA,NA,NA
"364",2016-12-23,24.2971130678523,30,NA,NA,NA
"365",2016-12-30,22.6669666370112,28,NA,NA,NA
"366",2017-01-06,30.4425286515128,28,NA,NA,NA
"367",2017-01-13,30.0381589853578,33,NA,NA,NA
"368",2017-01-20,32.222410815036,28,NA,NA,NA
"369",2017-01-27,28.7735602118188,28,NA,NA,NA
"370",2017-02-03,30.8707616177693,27,NA,NA,NA
"371",2017-02-10,30.4254980834377,29,NA,NA,NA
"372",2017-02-17,30.9813355408133,33,NA,NA,NA
"373",2017-02-24,29.6265229619022,26,NA,NA,NA
"374",2017-03-03,27.3654204399305,32,NA,NA,NA
"375",2017-03-10,30.0889662983961,29,NA,NA,NA
"376",2017-03-17,30.5978525741973,38,NA,NA,NA
"377",2017-03-24,29.9010217585279,27,NA,NA,NA
"378",2017-03-31,27.7064315638296,32,NA,NA,NA
"379",2017-04-07,31.8085252066616,35,NA,NA,NA
"380",2017-04-14,28.4081538954385,20,NA,NA,NA
"381",2017-04-21,30.7142766706135,39,NA,NA,NA
"382",2017-04-28,29.2139999193475,41,NA,NA,NA
"383",2017-05-05,28.8046201826024,25,NA,NA,NA
"384",2017-05-12,31.2981789663083,22,NA,NA,NA
"385",2017-05-19,31.4989192524356,20,NA,NA,NA
"386",2017-05-26,31.3085407955,40,NA,NA,NA
"387",2017-06-02,25.3114494396683,29,NA,NA,NA
"388",2017-06-09,32.6115092104309,37,NA,NA,NA
"389",2017-06-16,28.8081795048946,30,NA,NA,NA
"390",2017-06-23,28.4039292898906,36,NA,NA,NA
"391",2017-06-30,28.0938122056436,36,NA,NA,NA
"392",2017-07-07,26.277588731426,33,NA,NA,NA
"393",2017-07-14,27.8561731638986,30,NA,NA,NA
"394",2017-07-21,33.6331017992883,31,NA,NA,NA
"395",2017-07-28,27.4120641261152,20,NA,NA,NA
"396",2017-08-04,29.9967512036332,27,NA,NA,NA
"397",2017-08-11,27.2837528393142,26,NA,NA,NA
"398",2017-08-18,29.8717459889413,27,NA,NA,NA
"399",2017-08-25,26.6619571482294,29,NA,NA,NA
"400",2017-09-01,26.1503625065683,26,NA,NA,NA
"401",2017-09-08,29.6388839982608,34,NA,NA,NA
"402",2017-09-15,28.6240371567305,23,NA,NA,NA
"403",2017-09-22,30.5135340728972,29,NA,NA,NA
"404",2017-09-29,28.9041999758788,21,NA,NA,NA
"405",2017-10-06,28.1009707335276,38,NA,NA,NA
"406",2017-10-13,29.5900959185434,27,NA,NA,NA
"407",2017-10-20,27.681221579155,30,NA,NA,NA
"408",2017-10-27,28.9705563178129,34,NA,NA,NA
"409",2017-11-03,28.2560065364901,30,NA,NA,NA
"410",2017-11-10,29.7401097717064,26,NA,NA,NA
"411",2017-11-17,28.2271017023847,26,NA,NA,NA
"412",2017-11-24,27.2158137479716,24,NA,NA,NA
"413",2017-12-01,32.6070095459474,33,NA,NA,NA
"414",2017-12-08,28.4979018154678,38,NA,NA,NA
"415",2017-12-15,31.9814550843772,23,NA,NA,NA
"416",2017-12-22,23.3219452321815,25,NA,NA,NA
"417",2017-12-29,21.6740391528134,23.5,NA,NA,NA
"418",2018-01-05,29.4345502265742,23.5,NA,NA,NA
"419",2018-01-12,29.0178267027832,42,NA,NA,NA
"420",2018-01-19,31.1819854131047,33,NA,NA,NA
"421",2018-01-26,27.7083763329586,26,NA,NA,NA
"422",2018-02-02,29.7815412726302,24,NA,NA,NA
"423",2018-02-09,29.3137170737616,26,NA,NA,NA
"424",2018-02-16,29.8484522434824,24,NA,NA,NA
"425",2018-02-23,28.4786135901031,18,NA,NA,NA
"426",2018-03-02,26.2077772455775,25,NA,NA,NA
"427",2018-03-09,28.9261016596329,26,NA,NA,NA
"428",2018-03-16,29.431185413169,25,NA,NA,NA
"429",2018-03-23,28.7396916184438,35,NA,NA,NA
"430",2018-03-30,26.543362638253,21,NA,NA,NA
"431",2018-04-06,30.6513151063269,28,NA,NA,NA
"432",2018-04-13,27.2613153329921,19,NA,NA,NA
"433",2018-04-20,29.5776962344405,29,NA,NA,NA
"434",2018-04-27,28.0945233229243,32,NA,NA,NA
"435",2018-05-04,27.7083339938587,29,NA,NA,NA
"436",2018-05-11,30.2211470390659,26,NA,NA,NA
"437",2018-05-18,30.4372203116568,29,NA,NA,NA
"438",2018-05-25,30.2544036296859,33,NA,NA,NA
"439",2018-06-01,24.2694663704438,27,NA,NA,NA
"440",2018-06-08,31.5824201677254,32,NA,NA,NA
"441",2018-06-15,27.7950514448032,33,NA,NA,NA
"442",2018-06-22,27.4036626496943,27,NA,NA,NA
"443",2018-06-29,27.1125856257726,23,NA,NA,NA
"444",2018-07-06,25.3246849811975,26,NA,NA,NA
"445",2018-07-13,26.9362627531527,25,NA,NA,NA
"446",2018-07-20,32.7493360088692,28,NA,NA,NA
"447",2018-07-27,26.5660774417813,36,NA,NA,NA
"448",2018-08-03,29.1755325299223,33,NA,NA,NA
"449",2018-08-10,26.4820337684448,30,NA,NA,NA
"450",2018-08-17,29.0858178853561,38,NA,NA,NA
"451",2018-08-24,25.8827170820413,30,NA,NA,NA
"452",2018-08-31,25.3764362713989,30,NA,NA,NA
"453",2018-09-07,28.8665844245107,27,NA,NA,NA
"454",2018-09-14,27.8581742449224,29,NA,NA,NA
"455",2018-09-21,29.7488821695931,42,NA,NA,NA
"456",2018-09-28,28.1301278723954,29,NA,NA,NA
"457",2018-10-05,27.3107017244174,16,NA,NA,NA
"458",2018-10-12,28.8000114624782,23,NA,NA,NA
"459",2018-10-19,26.893800873011,26,NA,NA,NA
"460",2018-10-26,28.1882806158293,34,NA,NA,NA
"461",2018-11-02,27.4782716434942,27,NA,NA,NA
"462",2018-11-09,28.9686320670346,24,NA,NA,NA
"463",2018-11-16,27.4628300423529,24,NA,NA,NA
"464",2018-11-23,26.459702554526,35,NA,NA,NA
"465",2018-11-30,31.8499789184643,32,NA,NA,NA
"466",2018-12-07,27.7401394127503,24,NA,NA,NA
"467",2018-12-14,31.2331886253914,26,NA,NA,NA
"468",2018-12-21,22.5802797216012,24,NA,NA,NA
"469",2018-12-28,20.9391741167789,19,NA,NA,NA
"470",2019-01-04,28.7093936888993,19,NA,NA,NA
"471",2019-01-11,28.3052941856965,20,NA,NA,NA
"472",2019-01-18,30.4985184155083,39,NA,NA,NA
"473",2019-01-25,27.0488128403765,26,NA,NA,NA
"474",2019-02-01,29.1453718673758,38,NA,NA,NA
"475",2019-02-08,28.6896374255572,36,NA,NA,NA
"476",2019-02-15,29.2282567828298,27,NA,NA,NA
"477",2019-02-22,27.8595062380542,30,NA,NA,NA
"478",2019-03-01,25.5800115614229,24,NA,NA,NA
"479",2019-03-08,28.2899651407044,32,NA,NA,NA
"480",2019-03-15,28.78155260096,30,NA,NA,NA
"481",2019-03-22,28.0721989863042,29,NA,NA,NA
"482",2019-03-29,25.8621287791579,26,NA,NA,NA
"483",2019-04-05,29.9519520863742,21,NA,NA,NA
"484",2019-04-12,26.5486894856747,31,NA,NA,NA
"485",2019-04-19,28.8419888894972,24,NA,NA,NA
"486",2019-04-26,27.3390280315051,16,NA,NA,NA
"487",2019-05-03,26.9448249375389,26,NA,NA,NA
"488",2019-05-10,29.4513515845895,34,NA,NA,NA
"489",2019-05-17,29.6543650566712,24,NA,NA,NA
"490",2019-05-24,29.4617457103791,29,NA,NA,NA
"491",2019-05-31,23.4694829960631,22,NA,NA,NA
"492",2019-06-07,30.7783552454566,26,NA,NA,NA
"493",2019-06-14,26.9909180852216,22,NA,NA,NA
"494",2019-06-21,26.6073356894992,25,NA,NA,NA
"495",2019-06-28,26.3249947288134,22,NA,NA,NA
"496",2019-07-05,24.5459942028761,24,NA,NA,NA
"497",2019-07-12,26.1674153787256,23,NA,NA,NA
"498",2019-07-19,31.9912829262032,31,NA,NA,NA
"499",2019-07-26,25.8159160967947,36,NA,NA,NA
"500",2019-08-02,28.4326835311519,30,NA,NA,NA
"501",2019-08-09,25.74824043955,26,NA,NA,NA
"502",2019-08-16,28.3636028999916,28,NA,NA,NA
"503",2019-08-23,25.1792461912412,31,NA,NA,NA
"504",2019-08-30,24.6903937895467,23,NA,NA,NA
"505",2019-09-06,28.2028469732939,29,NA,NA,NA
"506",2019-09-13,27.2146844712805,31,NA,NA,NA
"507",2019-09-20,29.1235983588764,23,NA,NA,NA
"508",2019-09-27,27.5372418431608,28,NA,NA,NA
"509",2019-10-04,26.7505279134998,37,NA,NA,NA
"510",2019-10-11,28.2558977446627,26,NA,NA,NA
"511",2019-10-18,26.3630099315244,32,NA,NA,NA
"512",2019-10-25,27.6657683564327,23,NA,NA,NA
"513",2019-11-01,26.972130414576,27,NA,NA,NA
"514",2019-11-08,28.4784709474829,29,NA,NA,NA
"515",2019-11-15,26.9844086744037,19,NA,NA,NA
"516",2019-11-22,25.9965132056447,32,NA,NA,NA
"517",2019-11-29,31.4039809090619,35,NA,NA,NA
"518",2019-12-06,27.3086712062896,32,NA,NA,NA
"519",2019-12-13,30.8097381285307,29,NA,NA,NA
"520",2019-12-20,22.1622028125056,25,NA,NA,NA
"521",2019-12-27,20.5253755355276,25,NA,NA,NA
"522",2020-01-03,28.2949197009812,25,NA,NA,NA
"523",2020-01-10,27.8851905349458,29,NA,NA,NA
"524",2020-01-17,30.0655094302674,38,NA,NA,NA
"525",2020-01-24,26.603336439442,28,NA,NA,NA
"526",2020-01-31,28.6855392728745,22,NA,NA,NA
"527",2020-02-07,28.2274511758624,14,NA,NA,NA
"528",2020-02-14,28.780351733234,29,NA,NA,NA
"529",2020-02-21,27.4239917349032,32,NA,NA,NA
"530",2020-02-28,25.1550065209729,30,NA,NA,NA
"531",2020-03-06,NA,NA,27.8705071730703,40.0640934736267,15.6769208725138
"532",2020-03-13,NA,NA,28.3705071730703,40.5686698334362,16.1723445127044
"533",2020-03-20,NA,NA,27.6705071730702,39.8732444769858,15.4677698691547
"534",2020-03-27,NA,NA,25.4705071730705,37.6778174062054,13.2631969399356
"535",2020-04-03,NA,NA,29.5705071730699,41.7823886230197,17.3586257231201
"536",2020-04-10,NA,NA,26.1705071730705,38.3869581293529,13.954056216788
"537",2020-04-17,NA,NA,28.4705071730702,40.6915259271219,16.2494884190186
"538",2020-04-24,NA,NA,26.9705071730703,39.1960920182428,14.7449223278979
"539",2020-05-01,NA,NA,26.5705071730704,38.8006564046267,14.3403579415141
"540",2020-05-08,NA,NA,29.07050717307,41.3052190881812,16.8357952579588
"541",2020-05-15,NA,NA,29.2705071730704,41.509780070812,17.0312342753288
"542",2020-05-22,NA,NA,29.0705071730703,41.3143393544186,16.8266749917221
"543",2020-05-29,NA,NA,23.0705071730704,35.3188969408989,10.8221174052419
"544",2020-06-05,NA,NA,30.3705071730702,42.6234528321464,18.117561513994
"545",2020-06-12,NA,NA,26.5705071730703,38.8280070300518,14.3130073160888
"546",2020-06-19,NA,NA,26.1705071730703,38.4325595365015,13.9084548096391
"547",2020-06-26,NA,NA,25.8705071730703,38.1371103533789,13.6039039927618
"548",2020-07-03,NA,NA,24.0705071730705,36.3416594825638,11.7993548635772
"549",2020-07-10,NA,NA,25.67050717307,37.9462069259318,13.3948074202082
"550",2020-07-17,NA,NA,31.4705071730703,43.750752685357,19.1902616607836
"551",2020-07-24,NA,NA,25.2705071730703,37.5552967627078,12.9857175834328
"552",2020-07-31,NA,NA,27.8705071730702,40.1598391598502,15.5811751862903
"553",2020-08-07,NA,NA,25.1705071730705,37.4643798786471,12.876634467494
"554",2020-08-14,NA,NA,27.7705071730701,40.0689189209563,15.4720954251838
"555",2020-08-21,NA,NA,24.5705071730704,36.8734562886351,12.2675580575057
"556",2020-08-28,NA,NA,24.0705071730703,36.3779919835342,11.7630223626063
"557",2020-09-04,NA,NA,27.5705071730703,39.8825260075031,15.2584883386375
"558",2020-09-11,NA,NA,26.5705071730705,38.8870583623871,14.2539559837539
"559",2020-09-18,NA,NA,28.47050717307,40.7915890500272,16.1494252961127
"560",2020-09-25,NA,NA,26.8705071730704,39.1961180722637,14.5448962738772
"561",2020-10-02,NA,NA,26.0705071730703,38.4006454309301,13.7403689152105
"562",2020-10-09,NA,NA,27.5705071730704,39.9051711278592,15.2358432182816
"563",2020-10-16,NA,NA,25.6705071730701,38.0096951648787,13.3313191812615
"564",2020-10-23,NA,NA,26.9705071730703,39.3142175438146,14.626796802326
"565",2020-10-30,NA,NA,26.2705071730706,38.6187382664883,13.9222760796528
"566",2020-11-06,NA,NA,27.7705071730701,40.1232573347174,15.4177570114229
"567",2020-11-13,NA,NA,26.2705071730705,38.6277747503184,13.9132395958226
"568",2020-11-20,NA,NA,25.2705071730701,37.6322905151017,12.9087238310385
"569",2020-11-27,NA,NA,30.6705071730704,43.0368046308772,18.3042097152637
"570",2020-12-04,NA,NA,26.5705071730703,38.9413170994488,14.1996972466918
"571",2020-12-11,NA,NA,30.0705071730703,42.4458279226191,17.6951864235216
"572",2020-12-18,NA,NA,21.4205071730705,33.8003371021866,9.04067724395437
"573",2020-12-25,NA,NA,19.7834070012246,32.1268975185275,7.43991648392175
"574",2021-01-01,NA,NA,27.5561342739525,39.9041082391925,15.2081603087125
"575",2021-01-08,NA,NA,27.1470433648614,39.4994991507261,14.7945875789967
"576",2021-01-15,NA,NA,29.3288615466796,41.6857975276273,16.9719255657318
"577",2021-01-22,NA,NA,25.8743160921341,38.2357306443906,13.5129015398776
"578",2021-01-29,NA,NA,27.9652251830432,40.3311166845985,15.5993336814879
"579",2021-02-05,NA,NA,27.5106797284979,39.881046559103,15.1403128978927
"580",2021-02-12,NA,NA,28.0561342739522,40.4309748151161,15.6812937327883
"581",2021-02-19,NA,NA,26.6924979103162,39.0718105453025,14.3131852753298
"582",2021-02-26,NA,NA,24.4197706375885,36.8035537514124,12.0359875237646
"583",2021-03-05,NA,NA,27.135271289686,39.6039213026171,14.6666212767548
"584",2021-03-12,NA,NA,27.635271289686,40.1092102864679,15.1613322929041
"585",2021-03-19,NA,NA,26.935271289686,39.4144970287254,14.4560455506465
"586",2021-03-26,NA,NA,24.7352712896863,37.2197815322378,12.2507610471347
"587",2021-04-02,NA,NA,28.8352712896856,41.3250637998453,16.3454787795258
"588",2021-04-09,NA,NA,25.4352712896862,37.930343834386,12.9401987449863
"589",2021-04-16,NA,NA,27.7352712896859,40.2356216386873,15.2349209406845
"590",2021-04-23,NA,NA,26.2352712896861,38.7408972155743,13.7296453637978
"591",2021-04-30,NA,NA,25.8352712896861,38.3461705678642,13.324372011508
"592",2021-05-07,NA,NA,28.3352712896857,40.8514416983685,15.8191008810029
"593",2021-05-14,NA,NA,28.5352712896861,41.0567106098943,16.0138319694779
"594",2021-05-21,NA,NA,28.335271289686,40.8619773052403,15.8085652741317
"595",2021-05-28,NA,NA,22.3352712896861,34.8672417872013,9.80330079217087
"596",2021-06-04,NA,NA,29.6352712896859,42.1725040585652,17.0980385208066
"597",2021-06-11,NA,NA,25.835271289686,38.3777641221149,13.2927784572572
"598",2021-06-18,NA,NA,25.435271289686,37.9830219806265,12.8875205987454
"599",2021-06-25,NA,NA,25.135271289686,37.688277636871,12.582264942501
"600",2021-07-02,NA,NA,23.3352712896863,35.8935310936135,10.777011485759
"601",2021-07-09,NA,NA,24.9352712896857,37.4987823536122,12.3717602257592
"602",2021-07-16,NA,NA,30.735271289686,43.3040314196221,18.1665111597498
"603",2021-07-23,NA,NA,24.535271289686,37.1092782943899,11.9612642849822
"604",2021-07-30,NA,NA,27.1352712896859,39.7145229806575,14.5560195987144
"605",2021-08-06,NA,NA,24.4352712896863,37.0197654811617,11.8507770982108
"606",2021-08-13,NA,NA,27.0352712896857,39.6250057986318,14.4455367807397
"607",2021-08-20,NA,NA,23.8352712896861,36.4302439357944,11.2402986435778
"608",2021-08-27,NA,NA,23.335271289686,35.9354798953673,10.7350626840047
"609",2021-09-03,NA,NA,26.835271289686,39.4407136800646,14.2298288993074
"610",2021-09-10,NA,NA,25.8352712896863,38.4459452925944,13.2245972867782
"611",2021-09-17,NA,NA,27.7352712896856,40.3511747356578,15.1193678437135
"612",2021-09-24,NA,NA,26.1352712896862,38.7564020119535,13.5141405674189
"613",2021-10-01,NA,NA,25.335271289686,37.9616271241708,12.7089154552012
"614",2021-10-08,NA,NA,26.8352712896862,39.4668500749963,14.203692504376
"615",2021-10-15,NA,NA,24.9352712896858,37.5720708671091,12.2984717122625
"616",2021-10-22,NA,NA,26.235271289686,38.8772895031847,13.5932530761872
"617",2021-10-29,NA,NA,25.5352712896863,38.1825059858918,12.8880365934808
"618",2021-11-05,NA,NA,27.0352712896858,39.6877203178927,14.382822261479
"619",2021-11-12,NA,NA,25.5352712896862,38.192932501847,12.8776100775254
"620",2021-11-19,NA,NA,24.5352712896857,37.1981425404056,11.8724000389658
"621",2021-11-26,NA,NA,29.9352712896862,42.6033504362173,17.267192143155
"622",2021-12-03,NA,NA,25.835271289686,38.5085561919221,13.1619863874499
"623",2021-12-10,NA,NA,29.335271289686,42.013759810157,16.656782769215
"624",2021-12-17,NA,NA,20.6852712896862,33.3689612935528,8.0015812858197
"625",2021-12-24,NA,NA,19.0481711178403,31.7003825592733,6.39595967640732
"626",2021-12-31,NA,NA,26.8208983905683,39.4782127872643,14.1635839938722
"627",2022-01-07,NA,NA,26.4118074814771,39.0742227769446,13.7493921860096
"628",2022-01-14,NA,NA,28.5936256632953,41.2611398035271,15.9261115230635
"629",2022-01-21,NA,NA,25.1390802087498,37.8116911422178,12.4664692752818
"630",2022-01-28,NA,NA,27.2299892996589,39.9076949773095,14.5522836220083
"631",2022-02-04,NA,NA,26.7754438451136,39.4582422203625,14.0926454698647
"632",2022-02-11,NA,NA,27.3208983905679,40.0087874192951,14.6330093618407
"633",2022-02-18,NA,NA,25.9572620269319,38.650239667477,13.2642843863868
"634",2022-02-25,NA,NA,23.6845347542042,36.3825989673612,10.9864705410472
