"","Week.ended","signal","North.West","fit","upr","lwr"
"1",2010-01-08,1461.91150759227,1686,NA,NA,NA
"2",2010-01-15,1615.14039963906,1772,NA,NA,NA
"3",2010-01-22,1681.3933688302,1576,NA,NA,NA
"4",2010-01-29,1557.50901916183,1495,NA,NA,NA
"5",2010-02-05,1473.66609525252,1385,NA,NA,NA
"6",2010-02-12,1425.46034350234,1402,NA,NA,NA
"7",2010-02-19,1424.78328605248,1371,NA,NA,NA
"8",2010-02-26,1397.97875622853,1363,NA,NA,NA
"9",2010-03-05,1394.67499821897,1417,NA,NA,NA
"10",2010-03-12,1364.6745946216,1390,NA,NA,NA
"11",2010-03-19,1354.3585197641,1316,NA,NA,NA
"12",2010-03-26,1322.47907013262,1292,NA,NA,NA
"13",2010-04-02,1260.21240764924,1130,NA,NA,NA
"14",2010-04-09,1249.56250897017,1357,NA,NA,NA
"15",2010-04-16,1332.89764921526,1369,NA,NA,NA
"16",2010-04-23,1311.00105303069,1328,NA,NA,NA
"17",2010-04-30,1260.63569443445,1252,NA,NA,NA
"18",2010-05-07,1280.46728831131,1150,NA,NA,NA
"19",2010-05-14,1212.63916787315,1276,NA,NA,NA
"20",2010-05-21,1229.96373865807,1248,NA,NA,NA
"21",2010-05-28,1277.12381758409,1292,NA,NA,NA
"22",2010-06-04,1170.31103524727,1145,NA,NA,NA
"23",2010-06-11,1149.53410352332,1268,NA,NA,NA
"24",2010-06-18,1221.62444486092,1118,NA,NA,NA
"25",2010-06-25,1164.67785703584,1157,NA,NA,NA
"26",2010-07-02,1189.33982683739,1236,NA,NA,NA
"27",2010-07-09,1149.59572250911,1163,NA,NA,NA
"28",2010-07-16,1175.91459292735,1153,NA,NA,NA
"29",2010-07-23,1139.14815622204,1108,NA,NA,NA
"30",2010-07-30,1162.65625384889,1155,NA,NA,NA
"31",2010-08-06,1142.17091543372,1110,NA,NA,NA
"32",2010-08-13,1165.15449756241,1138,NA,NA,NA
"33",2010-08-20,1148.544055806,1169,NA,NA,NA
"34",2010-08-27,1186.34581968182,1187,NA,NA,NA
"35",2010-09-03,1143.48721196548,1081,NA,NA,NA
"36",2010-09-10,1165.99529023963,1313,NA,NA,NA
"37",2010-09-17,1212.43691269592,1256,NA,NA,NA
"38",2010-09-24,1206.05827824911,1137,NA,NA,NA
"39",2010-10-01,1230.75274628489,1252,NA,NA,NA
"40",2010-10-08,1256.48639327455,1265,NA,NA,NA
"41",2010-10-15,1252.53435476011,1239,NA,NA,NA
"42",2010-10-22,1272.73134579157,1206,NA,NA,NA
"43",2010-10-29,1306.98669634651,1342,NA,NA,NA
"44",2010-11-05,1325.01081412103,1370,NA,NA,NA
"45",2010-11-12,1321.98306626143,1319,NA,NA,NA
"46",2010-11-19,1367.9306132322,1306,NA,NA,NA
"47",2010-11-26,1356.89348000162,1356,NA,NA,NA
"48",2010-12-03,1356.33880233988,1343,NA,NA,NA
"49",2010-12-10,1418.91510750108,1413,NA,NA,NA
"50",2010-12-17,1475.7372934351,1509,NA,NA,NA
"51",2010-12-24,1533.78980194362,1605,NA,NA,NA
"52",2010-12-31,1478.47061620309,1535,NA,NA,NA
"53",2011-01-07,1430.79341699913,1535,NA,NA,NA
"54",2011-01-14,1587.24966550827,1797,NA,NA,NA
"55",2011-01-21,1651.84892436515,1555,NA,NA,NA
"56",2011-01-28,1525.52233297115,1429,NA,NA,NA
"57",2011-02-04,1442.37611519555,1366,NA,NA,NA
"58",2011-02-11,1393.73287822073,1359,NA,NA,NA
"59",2011-02-18,1393.65863108821,1343,NA,NA,NA
"60",2011-02-25,1367.16855011626,1366,NA,NA,NA
"61",2011-03-04,1361.05903706751,1329,NA,NA,NA
"62",2011-03-11,1333.2717561352,1295,NA,NA,NA
"63",2011-03-18,1331.03792258,1279,NA,NA,NA
"64",2011-03-25,1308.50312968104,1291,NA,NA,NA
"65",2011-04-01,1254.38362812805,1322,NA,NA,NA
"66",2011-04-08,1233.62409166013,1310,NA,NA,NA
"67",2011-04-15,1309.7161389358,1305,NA,NA,NA
"68",2011-04-22,1284.34341914114,1171,NA,NA,NA
"69",2011-04-29,1242.53069406727,1104,NA,NA,NA
"70",2011-05-06,1282.90239299957,1324,NA,NA,NA
"71",2011-05-13,1219.78136399478,1328,NA,NA,NA
"72",2011-05-20,1237.67328527964,1276,NA,NA,NA
"73",2011-05-27,1283.5281927998,1302,NA,NA,NA
"74",2011-06-03,1175.07841373769,1044,NA,NA,NA
"75",2011-06-10,1162.42531859508,1250,NA,NA,NA
"76",2011-06-17,1245.49031881159,1306,NA,NA,NA
"77",2011-06-24,1184.37113116274,1142,NA,NA,NA
"78",2011-07-01,1208.06219972138,1215,NA,NA,NA
"79",2011-07-08,1171.01300742643,1215,NA,NA,NA
"80",2011-07-15,1197.20443776675,1159,NA,NA,NA
"81",2011-07-22,1161.72159743815,1139,NA,NA,NA
"82",2011-07-29,1185.73563923162,1190,NA,NA,NA
"83",2011-08-05,1164.65614083138,1235,NA,NA,NA
"84",2011-08-12,1177.58489900996,1212,NA,NA,NA
"85",2011-08-19,1145.23763005436,1146,NA,NA,NA
"86",2011-08-26,1169.12000513399,1150,NA,NA,NA
"87",2011-09-02,1114.16688629855,1092,NA,NA,NA
"88",2011-09-09,1120.85945759154,1161,NA,NA,NA
"89",2011-09-16,1161.34762447479,1121,NA,NA,NA
"90",2011-09-23,1156.75930651401,1119,NA,NA,NA
"91",2011-09-30,1180.35563856459,1229,NA,NA,NA
"92",2011-10-07,1202.46278396749,1216,NA,NA,NA
"93",2011-10-14,1194.42063576952,1169,NA,NA,NA
"94",2011-10-21,1211.62445276267,1150,NA,NA,NA
"95",2011-10-28,1242.41533527275,1267,NA,NA,NA
"96",2011-11-04,1257.93740089688,1301,NA,NA,NA
"97",2011-11-11,1252.58539760113,1244,NA,NA,NA
"98",2011-11-18,1296.72570509205,1310,NA,NA,NA
"99",2011-11-25,1276.94098288374,1238,NA,NA,NA
"100",2011-12-02,1271.14996270484,1229,NA,NA,NA
"101",2011-12-09,1331.14878801246,1360,NA,NA,NA
"102",2011-12-16,1382.18505445813,1449,NA,NA,NA
"103",2011-12-23,1431.35524630561,1518,NA,NA,NA
"104",2011-12-30,1365.72935268916,1346,NA,NA,NA
"105",2012-01-06,1314.78304856058,1346,NA,NA,NA
"106",2012-01-13,1474.70610294248,1452,NA,NA,NA
"107",2012-01-20,1564.22460952361,1429,NA,NA,NA
"108",2012-01-27,1466.35879889747,1377,NA,NA,NA
"109",2012-02-03,1411.0122689991,1382,NA,NA,NA
"110",2012-02-10,1385.79770670178,1354,NA,NA,NA
"111",2012-02-17,1408.88125942379,1430,NA,NA,NA
"112",2012-02-24,1398.9249419541,1465,NA,NA,NA
"113",2012-03-02,1403.14355831158,1417,NA,NA,NA
"114",2012-03-09,1381.44705741817,1419,NA,NA,NA
"115",2012-03-16,1378.30645649862,1300,NA,NA,NA
"116",2012-03-23,1357.2891104349,1315,NA,NA,NA
"117",2012-03-30,1306.97445122542,1363,NA,NA,NA
"118",2012-04-06,1291.08942615922,1181,NA,NA,NA
"119",2012-04-13,1389.26409827849,1445,NA,NA,NA
"120",2012-04-20,1380.39513486795,1496,NA,NA,NA
"121",2012-04-27,1333.9574772523,1306,NA,NA,NA
"122",2012-05-04,1359.49989942143,1392,NA,NA,NA
"123",2012-05-11,1282.34302191307,1255,NA,NA,NA
"124",2012-05-18,1298.70951865113,1347,NA,NA,NA
"125",2012-05-25,1342.11948686903,1383,NA,NA,NA
"126",2012-06-01,1229.15676184393,1310,NA,NA,NA
"127",2012-06-08,1192.43334919593,984,NA,NA,NA
"128",2012-06-15,1278.74538708176,1360,NA,NA,NA
"129",2012-06-22,1218.95877327167,1255,NA,NA,NA
"130",2012-06-29,1236.74606391791,1203,NA,NA,NA
"131",2012-07-06,1197.54763903787,1184,NA,NA,NA
"132",2012-07-13,1226.89946965469,1218,NA,NA,NA
"133",2012-07-20,1191.87259546723,1217,NA,NA,NA
"134",2012-07-27,1211.92681718502,1204,NA,NA,NA
"135",2012-08-03,1188.01257203049,1212,NA,NA,NA
"136",2012-08-10,1202.38462649682,1215,NA,NA,NA
"137",2012-08-17,1173.49246039134,1138,NA,NA,NA
"138",2012-08-24,1204.17574645709,1211,NA,NA,NA
"139",2012-08-31,1153.62925042722,1075,NA,NA,NA
"140",2012-09-07,1169.93912226237,1233,NA,NA,NA
"141",2012-09-14,1217.92936686887,1178,NA,NA,NA
"142",2012-09-21,1220.80452736917,1268,NA,NA,NA
"143",2012-09-28,1244.02421316875,1223,NA,NA,NA
"144",2012-10-05,1272.18413652619,1299,NA,NA,NA
"145",2012-10-12,1268.96933490625,1298,NA,NA,NA
"146",2012-10-19,1285.97541344042,1277,NA,NA,NA
"147",2012-10-26,1311.70979570776,1355,NA,NA,NA
"148",2012-11-02,1320.44910431498,1348,NA,NA,NA
"149",2012-11-09,1309.74585486632,1348,NA,NA,NA
"150",2012-11-16,1344.21228879956,1370,NA,NA,NA
"151",2012-11-23,1313.59888167046,1276,NA,NA,NA
"152",2012-11-30,1296.85531960833,1236,NA,NA,NA
"153",2012-12-07,1347.62784294981,1321,NA,NA,NA
"154",2012-12-14,1394.55773963324,1330,NA,NA,NA
"155",2012-12-21,1451.74540273015,1433,NA,NA,NA
"156",2012-12-28,1403.86300140764,1359.5,NA,NA,NA
"157",2013-01-04,1372.93352698862,1359.5,NA,NA,NA
"158",2013-01-11,1556.99401880639,1650,NA,NA,NA
"159",2013-01-18,1659.97137382046,1539,NA,NA,NA
"160",2013-01-25,1574.24903953651,1571,NA,NA,NA
"161",2013-02-01,1523.09927292765,1481,NA,NA,NA
"162",2013-02-08,1503.28921931027,1533,NA,NA,NA
"163",2013-02-15,1526.1009171591,1542,NA,NA,NA
"164",2013-02-22,1516.35444541049,1522,NA,NA,NA
"165",2013-03-01,1526.35969608361,1525,NA,NA,NA
"166",2013-03-08,1511.85406384049,1568,NA,NA,NA
"167",2013-03-15,1514.18846120011,1538,NA,NA,NA
"168",2013-03-22,1489.22206656915,1534,NA,NA,NA
"169",2013-03-29,1426.92330191755,1300,NA,NA,NA
"170",2013-04-05,1415.93776312471,1531,NA,NA,NA
"171",2013-04-12,1498.23360704118,1660,NA,NA,NA
"172",2013-04-19,1463.70070053551,1524,NA,NA,NA
"173",2013-04-26,1396.70302142244,1449,NA,NA,NA
"174",2013-05-03,1394.2790707536,1347,NA,NA,NA
"175",2013-05-10,1296.51830971001,1213,NA,NA,NA
"176",2013-05-17,1297.46510756375,1295,NA,NA,NA
"177",2013-05-24,1330.13939998488,1293,NA,NA,NA
"178",2013-05-31,1213.64113381123,1176,NA,NA,NA
"179",2013-06-07,1184.31661197964,1256,NA,NA,NA
"180",2013-06-14,1252.17672715703,1206,NA,NA,NA
"181",2013-06-21,1185.69830123469,1163,NA,NA,NA
"182",2013-06-28,1202.21460752429,1150,NA,NA,NA
"183",2013-07-05,1163.4495836863,1190,NA,NA,NA
"184",2013-07-12,1189.53433188995,1212,NA,NA,NA
"185",2013-07-19,1148.34581662925,1130,NA,NA,NA
"186",2013-07-26,1166.25036080282,1173,NA,NA,NA
"187",2013-08-02,1138.83200872971,1121,NA,NA,NA
"188",2013-08-09,1153.55929888786,1123,NA,NA,NA
"189",2013-08-16,1129.00678017364,1133,NA,NA,NA
"190",2013-08-23,1160.38574374027,1171,NA,NA,NA
"191",2013-08-30,1110.18516155751,1062,NA,NA,NA
"192",2013-09-06,1124.03138836755,1209,NA,NA,NA
"193",2013-09-13,1167.53621392251,1105,NA,NA,NA
"194",2013-09-20,1168.01224765562,1145,NA,NA,NA
"195",2013-09-27,1195.3119864156,1277,NA,NA,NA
"196",2013-10-04,1218.07307672718,1251,NA,NA,NA
"197",2013-10-11,1208.89547766256,1186,NA,NA,NA
"198",2013-10-18,1224.73080740577,1231,NA,NA,NA
"199",2013-10-25,1247.88757932942,1227,NA,NA,NA
"200",2013-11-01,1259.97197943979,1258,NA,NA,NA
"201",2013-11-08,1255.33836536536,1221,NA,NA,NA
"202",2013-11-15,1302.5736968121,1301,NA,NA,NA
"203",2013-11-22,1287.25425821989,1357,NA,NA,NA
"204",2013-11-29,1275.89827398308,1319,NA,NA,NA
"205",2013-12-06,1322.46460996557,1307,NA,NA,NA
"206",2013-12-13,1364.15811075237,1426,NA,NA,NA
"207",2013-12-20,1404.44447970959,1366,NA,NA,NA
"208",2013-12-27,1341.47873047461,1253,NA,NA,NA
"209",2014-01-03,1299.53716606565,1253,NA,NA,NA
"210",2014-01-10,1475.64056563934,1549,NA,NA,NA
"211",2014-01-17,1572.47392684691,1520,NA,NA,NA
"212",2014-01-24,1474.28625306952,1377,NA,NA,NA
"213",2014-01-31,1419.34945193248,1385,NA,NA,NA
"214",2014-02-07,1395.03716490453,1431,NA,NA,NA
"215",2014-02-14,1412.76965313567,1453,NA,NA,NA
"216",2014-02-21,1395.69854018487,1408,NA,NA,NA
"217",2014-02-28,1397.76490372912,1428,NA,NA,NA
"218",2014-03-07,1372.40463182615,1342,NA,NA,NA
"219",2014-03-14,1371.87178298088,1400,NA,NA,NA
"220",2014-03-21,1343.63977379046,1312,NA,NA,NA
"221",2014-03-28,1285.12766828146,1352,NA,NA,NA
"222",2014-04-04,1260.04419224171,1354,NA,NA,NA
"223",2014-04-11,1330.18992383848,1279,NA,NA,NA
"224",2014-04-18,1303.15976149421,1078,NA,NA,NA
"225",2014-04-25,1270.0086609994,1348,NA,NA,NA
"226",2014-05-02,1299.0600628431,1367,NA,NA,NA
"227",2014-05-09,1222.14156927182,1163,NA,NA,NA
"228",2014-05-16,1241.6810061834,1235,NA,NA,NA
"229",2014-05-23,1293.33700548509,1276,NA,NA,NA
"230",2014-05-30,1193.99296521872,1158,NA,NA,NA
"231",2014-06-06,1181.67056664119,1263,NA,NA,NA
"232",2014-06-13,1265.64261149915,1282,NA,NA,NA
"233",2014-06-20,1209.50510071938,1241,NA,NA,NA
"234",2014-06-27,1231.36105612667,1201,NA,NA,NA
"235",2014-07-04,1195.91890765823,1189,NA,NA,NA
"236",2014-07-11,1228.4152765217,1235,NA,NA,NA
"237",2014-07-18,1195.10396852714,1242,NA,NA,NA
"238",2014-07-25,1214.86482001614,1220,NA,NA,NA
"239",2014-08-01,1189.45176701267,1176,NA,NA,NA
"240",2014-08-08,1205.78012187395,1179,NA,NA,NA
"241",2014-08-15,1182.47990326837,1174,NA,NA,NA
"242",2014-08-22,1216.26225981442,1220,NA,NA,NA
"243",2014-08-29,1169.09967579925,1149,NA,NA,NA
"244",2014-09-05,1183.39200761724,1299,NA,NA,NA
"245",2014-09-12,1224.5153566291,1229,NA,NA,NA
"246",2014-09-19,1216.42483647821,1241,NA,NA,NA
"247",2014-09-26,1230.76637626826,1171,NA,NA,NA
"248",2014-10-03,1253.62350739113,1261,NA,NA,NA
"249",2014-10-10,1246.89989256217,1187,NA,NA,NA
"250",2014-10-17,1268.6041907318,1290,NA,NA,NA
"251",2014-10-24,1296.23395827859,1259,NA,NA,NA
"252",2014-10-31,1314.29989362391,1300,NA,NA,NA
"253",2014-11-07,1316.78550692625,1290,NA,NA,NA
"254",2014-11-14,1370.44304372592,1395,NA,NA,NA
"255",2014-11-21,1359.13432073801,1261,NA,NA,NA
"256",2014-11-28,1367.28200777043,1330,NA,NA,NA
"257",2014-12-05,1440.77029688998,1443,NA,NA,NA
"258",2014-12-12,1507.7528159442,1475,NA,NA,NA
"259",2014-12-19,1582.05795673036,1591,NA,NA,NA
"260",2014-12-26,1548.73787337821,1409.5,NA,NA,NA
"261",2015-01-02,1541.12632592271,1409.5,NA,NA,NA
"262",2015-01-09,1759.41226860131,2282,NA,NA,NA
"263",2015-01-16,1856.97075393833,1968,NA,NA,NA
"264",2015-01-23,1744.41917363988,1806,NA,NA,NA
"265",2015-01-30,1660.45728119722,1669,NA,NA,NA
"266",2015-02-06,1603.16156207198,1586,NA,NA,NA
"267",2015-02-13,1592.81324879636,1608,NA,NA,NA
"268",2015-02-20,1549.97250405986,1466,NA,NA,NA
"269",2015-02-27,1535.15396120884,1466,NA,NA,NA
"270",2015-03-06,1502.0809873881,1559,NA,NA,NA
"271",2015-03-13,1485.77669914614,1462,NA,NA,NA
"272",2015-03-20,1446.56334029856,1401,NA,NA,NA
"273",2015-03-27,1378.35483341853,1392,NA,NA,NA
"274",2015-04-03,1348.48707062856,1251,NA,NA,NA
"275",2015-04-10,1431.515985827,1384,NA,NA,NA
"276",2015-04-17,1417.0299545616,1521,NA,NA,NA
"277",2015-04-24,1366.04895841295,1405,NA,NA,NA
"278",2015-05-01,1380.87333195883,1385,NA,NA,NA
"279",2015-05-08,1295.61687240252,1166,NA,NA,NA
"280",2015-05-15,1313.32221716912,1404,NA,NA,NA
"281",2015-05-22,1354.15928491628,1367,NA,NA,NA
"282",2015-05-29,1241.21133625044,1116,NA,NA,NA
"283",2015-06-05,1223.51862322234,1337,NA,NA,NA
"284",2015-06-12,1299.15318393455,1262,NA,NA,NA
"285",2015-06-19,1239.61645811562,1248,NA,NA,NA
"286",2015-06-26,1260.2060499381,1254,NA,NA,NA
"287",2015-07-03,1221.26837240591,1293,NA,NA,NA
"288",2015-07-10,1243.01088005224,1238,NA,NA,NA
"289",2015-07-17,1200.01582106516,1127,NA,NA,NA
"290",2015-07-24,1221.15908979628,1196,NA,NA,NA
"291",2015-07-31,1199.9241867239,1195,NA,NA,NA
"292",2015-08-07,1219.64371644988,1227,NA,NA,NA
"293",2015-08-14,1196.58436523436,1250,NA,NA,NA
"294",2015-08-21,1224.89550631659,1223,NA,NA,NA
"295",2015-08-28,1172.78157582621,1262,NA,NA,NA
"296",2015-09-04,1172.03404648265,1044,NA,NA,NA
"297",2015-09-11,1220.60224901341,1262,NA,NA,NA
"298",2015-09-18,1216.5500245617,1175,NA,NA,NA
"299",2015-09-25,1241.03227979004,1267,NA,NA,NA
"300",2015-10-02,1266.11808167009,1260,NA,NA,NA
"301",2015-10-09,1262.86849596836,1283,NA,NA,NA
"302",2015-10-16,1280.66105713772,1291,NA,NA,NA
"303",2015-10-23,1305.39948009088,1276,NA,NA,NA
"304",2015-10-30,1319.85105929849,1299,NA,NA,NA
"305",2015-11-06,1319.32689641043,1409,NA,NA,NA
"306",2015-11-13,1359.22717418905,1376,NA,NA,NA
"307",2015-11-20,1334.87955734119,1317,NA,NA,NA
"308",2015-11-27,1322.58197078901,1322,NA,NA,NA
"309",2015-12-04,1372.23809191061,1425,NA,NA,NA
"310",2015-12-11,1410.72503505739,1400,NA,NA,NA
"311",2015-12-18,1454.50174727,1526,NA,NA,NA
"312",2015-12-25,1384.88018186076,1167,NA,NA,NA
"313",2016-01-01,1348.22472528705,1411,NA,NA,NA
"314",2016-01-08,1519.52624027327,1411,NA,NA,NA
"315",2016-01-15,1628.34319249375,1532,NA,NA,NA
"316",2016-01-22,1546.18762256353,1602,NA,NA,NA
"317",2016-01-29,1493.15408674922,1516,NA,NA,NA
"318",2016-02-05,1465.46674167593,1459,NA,NA,NA
"319",2016-02-12,1483.73982177238,1466,NA,NA,NA
"320",2016-02-19,1472.55912745671,1443,NA,NA,NA
"321",2016-02-26,1484.3790498624,1497,NA,NA,NA
"322",2016-03-04,1470.39787341543,1505,NA,NA,NA
"323",2016-03-11,1475.24491552937,1525,NA,NA,NA
"324",2016-03-18,1450.39694327255,1460,NA,NA,NA
"325",2016-03-25,1391.4627446831,1331,NA,NA,NA
"326",2016-04-01,1377.70840238335,1362,NA,NA,NA
"327",2016-04-08,1469.30372348043,1514,NA,NA,NA
"328",2016-04-15,1454.87421033503,1572,NA,NA,NA
"329",2016-04-22,1402.73564315856,1470,NA,NA,NA
"330",2016-04-29,1413.78952707638,1371,NA,NA,NA
"331",2016-05-06,1329.0922792277,1280,NA,NA,NA
"332",2016-05-13,1339.92555450463,1420,NA,NA,NA
"333",2016-05-20,1374.86909084922,1327,NA,NA,NA
"334",2016-05-27,1261.63026733001,1300,NA,NA,NA
"335",2016-06-03,1228.55046009769,1138,NA,NA,NA
"336",2016-06-10,1307.6271797971,1306,NA,NA,NA
"337",2016-06-17,1248.25406518073,1252,NA,NA,NA
"338",2016-06-24,1269.43525375434,1272,NA,NA,NA
"339",2016-07-01,1230.27975251929,1157,NA,NA,NA
"340",2016-07-08,1265.18693614323,1269,NA,NA,NA
"341",2016-07-15,1234.5422278963,1242,NA,NA,NA
"342",2016-07-22,1260.60927274961,1295,NA,NA,NA
"343",2016-07-29,1238.80253982023,1223,NA,NA,NA
"344",2016-08-05,1258.95415784186,1316,NA,NA,NA
"345",2016-08-12,1231.74125135613,1244,NA,NA,NA
"346",2016-08-19,1259.69703572982,1279,NA,NA,NA
"347",2016-08-26,1205.27142947765,1250,NA,NA,NA
"348",2016-09-02,1206.31800870322,1114,NA,NA,NA
"349",2016-09-09,1253.38423460071,1312,NA,NA,NA
"350",2016-09-16,1246.24105427703,1222,NA,NA,NA
"351",2016-09-23,1266.03498045396,1230,NA,NA,NA
"352",2016-09-30,1292.15442573178,1219,NA,NA,NA
"353",2016-10-07,1296.12498997843,1331,NA,NA,NA
"354",2016-10-14,1319.77708399119,1328,NA,NA,NA
"355",2016-10-21,1350.57031914216,1322,NA,NA,NA
"356",2016-10-28,1371.00019071774,1401,NA,NA,NA
"357",2016-11-04,1371.76150414417,1351,NA,NA,NA
"358",2016-11-11,1423.13881080062,1390,NA,NA,NA
"359",2016-11-18,1414.87436105564,1513,NA,NA,NA
"360",2016-11-25,1407.95430249712,1432,NA,NA,NA
"361",2016-12-02,1460.71516610555,1491,NA,NA,NA
"362",2016-12-09,1504.38116782383,1529,NA,NA,NA
"363",2016-12-16,1550.07519948382,1444,NA,NA,NA
"364",2016-12-23,1498.75847197503,1594,NA,NA,NA
"365",2016-12-30,1451.51114754516,1376,NA,NA,NA
"366",2017-01-06,1624.98267584783,1376,NA,NA,NA
"367",2017-01-13,1748.93178409885,1840,NA,NA,NA
"368",2017-01-20,1664.61294751578,1786,NA,NA,NA
"369",2017-01-27,1603.36452987755,1666,NA,NA,NA
"370",2017-02-03,1563.79028957211,1625,NA,NA,NA
"371",2017-02-10,1563.93089496571,1566,NA,NA,NA
"372",2017-02-17,1532.78964213436,1528,NA,NA,NA
"373",2017-02-24,1522.36313281117,1519,NA,NA,NA
"374",2017-03-03,1487.61062944974,1488,NA,NA,NA
"375",2017-03-10,1474.84369820549,1464,NA,NA,NA
"376",2017-03-17,1437.97416326311,1450,NA,NA,NA
"377",2017-03-24,1366.79481365541,1364,NA,NA,NA
"378",2017-03-31,1335.47338582475,1313,NA,NA,NA
"379",2017-04-07,1410.12593369436,1373,NA,NA,NA
"380",2017-04-14,1386.30468022104,1217,NA,NA,NA
"381",2017-04-21,1351.20785448013,1362,NA,NA,NA
"382",2017-04-28,1384.51506632677,1495,NA,NA,NA
"383",2017-05-05,1307.92608123753,1279,NA,NA,NA
"384",2017-05-12,1325.00656438323,1368,NA,NA,NA
"385",2017-05-19,1369.61936142077,1329,NA,NA,NA
"386",2017-05-26,1265.38075109158,1349,NA,NA,NA
"387",2017-06-02,1237.12526660448,1208,NA,NA,NA
"388",2017-06-09,1315.35763234489,1311,NA,NA,NA
"389",2017-06-16,1255.39214592651,1272,NA,NA,NA
"390",2017-06-23,1274.79398944004,1328,NA,NA,NA
"391",2017-06-30,1229.18567060107,1174,NA,NA,NA
"392",2017-07-07,1255.97020874068,1278,NA,NA,NA
"393",2017-07-14,1215.52170868524,1225,NA,NA,NA
"394",2017-07-21,1231.59849638037,1196,NA,NA,NA
"395",2017-07-28,1206.260521869,1174,NA,NA,NA
"396",2017-08-04,1224.39973730828,1192,NA,NA,NA
"397",2017-08-11,1203.42899031451,1171,NA,NA,NA
"398",2017-08-18,1241.75098052649,1260,NA,NA,NA
"399",2017-08-25,1197.7888443128,1299,NA,NA,NA
"400",2017-09-01,1204.08634972457,1117,NA,NA,NA
"401",2017-09-08,1255.92069366896,1307,NA,NA,NA
"402",2017-09-15,1254.241139986,1285,NA,NA,NA
"403",2017-09-22,1274.42297850559,1221,NA,NA,NA
"404",2017-09-29,1302.53500245079,1305,NA,NA,NA
"405",2017-10-06,1301.51954198139,1289,NA,NA,NA
"406",2017-10-13,1324.55945818955,1340,NA,NA,NA
"407",2017-10-20,1354.07443074376,1359,NA,NA,NA
"408",2017-10-27,1370.13484291143,1375,NA,NA,NA
"409",2017-11-03,1368.8462698813,1356,NA,NA,NA
"410",2017-11-10,1417.44322589341,1365,NA,NA,NA
"411",2017-11-17,1408.17995002037,1381,NA,NA,NA
"412",2017-11-24,1411.82499916416,1419,NA,NA,NA
"413",2017-12-01,1476.70789719733,1453,NA,NA,NA
"414",2017-12-08,1537.47869887241,1538,NA,NA,NA
"415",2017-12-15,1602.50139182549,1509,NA,NA,NA
"416",2017-12-22,1569.35294097765,1709,NA,NA,NA
"417",2017-12-29,1536.17589066631,1470.5,NA,NA,NA
"418",2018-01-05,1722.81003796461,1470.5,NA,NA,NA
"419",2018-01-12,1860.22883368017,2113,NA,NA,NA
"420",2018-01-19,1774.45678898877,1828,NA,NA,NA
"421",2018-01-26,1718.01619038452,1855,NA,NA,NA
"422",2018-02-02,1676.388468788,1728,NA,NA,NA
"423",2018-02-09,1675.36136909782,1615,NA,NA,NA
"424",2018-02-16,1648.81386107351,1665,NA,NA,NA
"425",2018-02-23,1641.04532859816,1677,NA,NA,NA
"426",2018-03-02,1605.32232477537,1485,NA,NA,NA
"427",2018-03-09,1602.72487548259,1690,NA,NA,NA
"428",2018-03-16,1566.96984271898,1690,NA,NA,NA
"429",2018-03-23,1486.660866291,1516,NA,NA,NA
"430",2018-03-30,1443.2443027262,1335,NA,NA,NA
"431",2018-04-06,1513.71715754714,1470,NA,NA,NA
"432",2018-04-13,1486.3244877758,1613,NA,NA,NA
"433",2018-04-20,1420.34145963025,1456,NA,NA,NA
"434",2018-04-27,1420.4676524801,1391,NA,NA,NA
"435",2018-05-04,1323.61329293186,1347,NA,NA,NA
"436",2018-05-11,1315.60067104848,1116,NA,NA,NA
"437",2018-05-18,1357.5083684148,1390,NA,NA,NA
"438",2018-05-25,1243.81754767193,1278,NA,NA,NA
"439",2018-06-01,1210.67216997637,1142,NA,NA,NA
"440",2018-06-08,1287.66426243002,1309,NA,NA,NA
"441",2018-06-15,1224.08736802906,1167,NA,NA,NA
"442",2018-06-22,1246.6788303861,1217,NA,NA,NA
"443",2018-06-29,1211.90922907937,1214,NA,NA,NA
"444",2018-07-06,1244.24667918367,1280,NA,NA,NA
"445",2018-07-13,1208.0846033885,1239,NA,NA,NA
"446",2018-07-20,1226.46947368163,1229,NA,NA,NA
"447",2018-07-27,1199.92081218146,1219,NA,NA,NA
"448",2018-08-03,1212.11141145734,1228,NA,NA,NA
"449",2018-08-10,1180.735718702,1231,NA,NA,NA
"450",2018-08-17,1201.02134360405,1171,NA,NA,NA
"451",2018-08-24,1143.47751396864,1134,NA,NA,NA
"452",2018-08-31,1146.40832484459,1058,NA,NA,NA
"453",2018-09-07,1194.99797386179,1152,NA,NA,NA
"454",2018-09-14,1198.75572780301,1231,NA,NA,NA
"455",2018-09-21,1224.2377914085,1226,NA,NA,NA
"456",2018-09-28,1252.55722808158,1262,NA,NA,NA
"457",2018-10-05,1251.10523044321,1302,NA,NA,NA
"458",2018-10-12,1267.85636531211,1291,NA,NA,NA
"459",2018-10-19,1290.3716699891,1274,NA,NA,NA
"460",2018-10-26,1301.39784828323,1215,NA,NA,NA
"461",2018-11-02,1303.49732616351,1330,NA,NA,NA
"462",2018-11-09,1351.8509820409,1403,NA,NA,NA
"463",2018-11-16,1332.78430689353,1408,NA,NA,NA
"464",2018-11-23,1317.17628694841,1357,NA,NA,NA
"465",2018-11-30,1359.7931014627,1330,NA,NA,NA
"466",2018-12-07,1398.85939791758,1377,NA,NA,NA
"467",2018-12-14,1444.24300767174,1422,NA,NA,NA
"468",2018-12-21,1384.87933248058,1439,NA,NA,NA
"469",2018-12-28,1333.37993427511,1238,NA,NA,NA
"470",2019-01-04,1504.43299683941,1238,NA,NA,NA
"471",2019-01-11,1627.57405720279,1612,NA,NA,NA
"472",2019-01-18,1552.28874643907,1566,NA,NA,NA
"473",2019-01-25,1510.01080814451,1593,NA,NA,NA
"474",2019-02-01,1487.52868650252,1485,NA,NA,NA
"475",2019-02-08,1510.64356322849,1595,NA,NA,NA
"476",2019-02-15,1494.88262469096,1618,NA,NA,NA
"477",2019-02-22,1488.0324207712,1495,NA,NA,NA
"478",2019-03-01,1455.9028441855,1425,NA,NA,NA
"479",2019-03-08,1448.64666861272,1463,NA,NA,NA
"480",2019-03-15,1414.96255983863,1393,NA,NA,NA
"481",2019-03-22,1350.10528475023,1437,NA,NA,NA
"482",2019-03-29,1316.82885628122,1278,NA,NA,NA
"483",2019-04-05,1391.03578214184,1277,NA,NA,NA
"484",2019-04-12,1373.86659803704,1341,NA,NA,NA
"485",2019-04-19,1332.83053614228,1225,NA,NA,NA
"486",2019-04-26,1371.1457078289,1365,NA,NA,NA
"487",2019-05-03,1310.32804143753,1493,NA,NA,NA
"488",2019-05-10,1323.65233655854,1214,NA,NA,NA
"489",2019-05-17,1378.59599167606,1402,NA,NA,NA
"490",2019-05-24,1278.77978779719,1397,NA,NA,NA
"491",2019-05-31,1251.75353016397,1176,NA,NA,NA
"492",2019-06-07,1335.51825208298,1349,NA,NA,NA
"493",2019-06-14,1279.43879932377,1313,NA,NA,NA
"494",2019-06-21,1301.16212235377,1344,NA,NA,NA
"495",2019-06-28,1258.83211507643,1250,NA,NA,NA
"496",2019-07-05,1284.61718711973,1269,NA,NA,NA
"497",2019-07-12,1246.64350468097,1272,NA,NA,NA
"498",2019-07-19,1263.72977630762,1287,NA,NA,NA
"499",2019-07-26,1233.96853536744,1237,NA,NA,NA
"500",2019-08-02,1244.42753311166,1234,NA,NA,NA
"501",2019-08-09,1213.74884469928,1149,NA,NA,NA
"502",2019-08-16,1245.34555899545,1237,NA,NA,NA
"503",2019-08-23,1197.11245036671,1203,NA,NA,NA
"504",2019-08-30,1207.93600416663,1153,NA,NA,NA
"505",2019-09-06,1261.32937426395,1248,NA,NA,NA
"506",2019-09-13,1267.15285710614,1328,NA,NA,NA
"507",2019-09-20,1292.06100913981,1283,NA,NA,NA
"508",2019-09-27,1320.80536417924,1299,NA,NA,NA
"509",2019-10-04,1322.66204596801,1322,NA,NA,NA
"510",2019-10-11,1347.47982523718,1400,NA,NA,NA
"511",2019-10-18,1375.35073509906,1400,NA,NA,NA
"512",2019-10-25,1387.9468663925,1361,NA,NA,NA
"513",2019-11-01,1386.12981238012,1338,NA,NA,NA
"514",2019-11-08,1437.45445941419,1455,NA,NA,NA
"515",2019-11-15,1424.45990117554,1402,NA,NA,NA
"516",2019-11-22,1423.93807419475,1464,NA,NA,NA
"517",2019-11-29,1481.61909800491,1469,NA,NA,NA
"518",2019-12-06,1534.16468610573,1477,NA,NA,NA
"519",2019-12-13,1596.28576632963,1637,NA,NA,NA
"520",2019-12-20,1547.84949855326,1712,NA,NA,NA
"521",2019-12-27,1497.12331009738,1503,NA,NA,NA
"522",2020-01-03,1659.60502793806,1503,NA,NA,NA
"523",2020-01-10,1764.03917519981,1932,NA,NA,NA
"524",2020-01-17,1653.10927721648,1696,NA,NA,NA
"525",2020-01-24,1572.49389933967,1529,NA,NA,NA
"526",2020-01-31,1523.34693874981,1461,NA,NA,NA
"527",2020-02-07,1525.31735527998,1529,NA,NA,NA
"528",2020-02-14,1495.85700669034,1427,NA,NA,NA
"529",2020-02-21,1493.02391333746,1477,NA,NA,NA
"530",2020-02-28,1467.03323694426,1476,NA,NA,NA
"531",2020-03-06,NA,NA,1462.23656063868,1650.98712879,1273.48599248737
"532",2020-03-13,NA,NA,1432.33656063868,1627.41616427007,1237.2569570073
"533",2020-03-20,NA,NA,1369.23656063868,1570.44621877793,1168.02690249943
"534",2020-03-27,NA,NA,1345.73656063868,1552.89495729218,1138.57816398519
"535",2020-04-03,NA,NA,1426.13656063868,1639.0775761326,1213.19554514476
"536",2020-04-10,NA,NA,1404.63656063868,1623.20726053946,1186.0658607379
"537",2020-04-17,NA,NA,1356.23656063869,1580.29553865709,1132.17758262028
"538",2020-04-24,NA,NA,1377.23656063869,1606.65255922245,1147.82056205492
"539",2020-05-01,NA,NA,1298.53656063869,1533.18731214339,1063.88580913399
"540",2020-05-08,NA,NA,1310.83656063868,1550.60780569791,1071.06531557945
"541",2020-05-15,NA,NA,1354.63656063869,1599.42121034693,1109.85191093044
"542",2020-05-22,NA,NA,1245.83656063869,1495.53397654106,996.139144736313
"543",2020-05-29,NA,NA,1220.73656063868,1475.25193204846,966.221189228906
"544",2020-06-05,NA,NA,1299.43656063868,1558.68036299352,1040.19275828385
"545",2020-06-12,NA,NA,1239.53656063868,1503.42408181944,975.649039457923
"546",2020-06-19,NA,NA,1260.53656063869,1528.98748466477,992.085636612597
"547",2020-06-26,NA,NA,1221.43656063869,1494.37460010185,948.498521175525
"548",2020-07-03,NA,NA,1249.63656063869,1526.98913077556,972.283990501813
"549",2020-07-10,NA,NA,1212.63656063868,1494.33448916686,930.938632110511
"550",2020-07-17,NA,NA,1233.03656063868,1519.01382846359,947.059292813778
"551",2020-07-24,NA,NA,1208.73656063869,1498.93006933268,918.54305194469
"552",2020-07-31,NA,NA,1224.93656063869,1519.28592323978,930.5871980376
"553",2020-08-07,NA,NA,1199.03656063869,1497.48391284541,900.589208431968
"554",2020-08-14,NA,NA,1229.43656063868,1531.92638991355,926.946731363821
"555",2020-08-21,NA,NA,1179.23656063869,1485.71555109361,872.757570183761
"556",2020-08-28,NA,NA,1188.63656063868,1499.05345187659,878.21966940078
"557",2020-09-04,NA,NA,1235.53656063868,1549.84201897713,921.231102300242
"558",2020-09-11,NA,NA,1233.63656063869,1551.78306135317,915.490059924201
"559",2020-09-18,NA,NA,1256.43656063868,1578.37828004207,934.494841235296
"560",2020-09-25,NA,NA,1282.23656063869,1607.92927696489,956.54384431248
"561",2020-10-02,NA,NA,1279.13656063869,1608.53756282823,949.735558449144
"562",2020-10-09,NA,NA,1298.93656063868,1632.00456423406,965.868557043307
"563",2020-10-16,NA,NA,1326.63656063868,1663.33163009255,989.941491184815
"564",2020-10-23,NA,NA,1341.33656063868,1681.62003741956,1001.05308385781
"565",2020-10-30,NA,NA,1339.13656063869,1682.9709965895,995.302124687873
"566",2020-11-06,NA,NA,1385.63656063868,1732.98565610483,1038.28746517254
"567",2020-11-13,NA,NA,1369.43656063868,1720.26510693542,1018.60801434194
"568",2020-11-20,NA,NA,1363.63656063868,1717.91038647432,1009.36273480305
"569",2020-11-27,NA,NA,1419.73656063869,1777.42248215049,1062.05063912688
"570",2020-12-04,NA,NA,1469.53656063868,1830.60233473433,1108.47078654304
"571",2020-12-11,NA,NA,1523.63656063868,1888.05084136712,1159.22227991025
"572",2020-12-18,NA,NA,1470.93656063868,1838.66885834226,1103.2042629351
"573",2020-12-25,NA,NA,1431.09540987945,1801.91860745445,1060.27221230445
"574",2021-01-01,NA,NA,1605.00450078855,1979.06203912222,1230.94696245488
"575",2021-01-08,NA,NA,1706.41359169764,2083.67774333246,1329.14944006282
"576",2021-01-15,NA,NA,1607.95904624309,1988.40278483428,1227.51530765191
"577",2021-01-22,NA,NA,1543.77722806128,1927.37419931853,1160.18025680402
"578",2021-01-29,NA,NA,1507.049955334,1893.7744496219,1120.3254610461
"579",2021-02-05,NA,NA,1515.68631897036,1905.51324544765,1125.85939249308
"580",2021-02-12,NA,NA,1493.23177351582,1886.13663570414,1100.32691132749
"581",2021-02-19,NA,NA,1491.049955334,1887.00882801616,1095.09108265185
"582",2021-02-26,NA,NA,1464.23177351582,1863.22128087187,1065.24226615977
"583",2021-03-05,NA,NA,1459.43509721024,1863.89657444455,1054.97361997594
"584",2021-03-12,NA,NA,1429.53509721025,1837.5302536336,1021.53994078689
"585",2021-03-19,NA,NA,1366.43509721024,1777.93358902191,954.936605398582
"586",2021-03-26,NA,NA,1342.93509721024,1757.90734912793,927.962845292563
"587",2021-04-02,NA,NA,1423.33509721024,1841.75227056716,1004.91792385333
"588",2021-04-09,NA,NA,1401.83509721024,1823.66905987607,980.001134544423
"589",2021-04-16,NA,NA,1353.43509721025,1778.65839520403,928.211799216464
"590",2021-04-23,NA,NA,1374.43509721025,1803.02092788488,945.849266535613
"591",2021-04-30,NA,NA,1295.73509721025,1727.65728389834,863.812910522152
"592",2021-05-07,NA,NA,1308.03509721024,1743.26806523057,872.80212918991
"593",2021-05-14,NA,NA,1351.83509721025,1790.35385114233,913.316343278168
"594",2021-05-21,NA,NA,1243.03509721025,1684.81519935214,801.254995068353
"595",2021-05-28,NA,NA,1217.93509721024,1662.95264714155,772.91754727894
"596",2021-06-04,NA,NA,1296.63509721025,1744.8667123884,848.403482032088
"597",2021-06-11,NA,NA,1236.73509721024,1688.15789453397,785.312299886516
"598",2021-06-18,NA,NA,1257.73509721025,1712.32667548897,803.143518931525
"599",2021-06-25,NA,NA,1218.63509721025,1676.37352048308,760.896673937418
"600",2021-07-02,NA,NA,1246.83509721025,1707.69887886233,785.971315558168
"601",2021-07-09,NA,NA,1209.83509721024,1673.80318483806,745.867009582426
"602",2021-07-16,NA,NA,1230.23509721024,1697.28685819116,763.18333622933
"603",2021-07-23,NA,NA,1205.93509721025,1676.05030493462,735.819889485871
"604",2021-07-30,NA,NA,1222.13509721025,1695.29391793759,748.976276482904
"605",2021-08-06,NA,NA,1196.23509721025,1672.41807751346,720.052116907035
"606",2021-08-13,NA,NA,1226.63509721024,1705.82315197456,747.447042445929
"607",2021-08-20,NA,NA,1176.43509721025,1658.60949815576,694.26069626473
"608",2021-08-27,NA,NA,1185.83509721025,1670.97746190903,700.692732511463
"609",2021-09-03,NA,NA,1232.73509721024,1720.82737857094,744.642815849552
"610",2021-09-10,NA,NA,1230.83509721025,1721.85957340491,739.810621015585
"611",2021-09-17,NA,NA,1253.63509721024,1747.57436201979,759.695832400687
"612",2021-09-24,NA,NA,1279.43509721024,1776.2720507664,782.598143654089
"613",2021-10-01,NA,NA,1276.33509721025,1776.05293711325,776.617257307249
"614",2021-10-08,NA,NA,1296.13509721024,1798.71731000302,793.552884417472
"615",2021-10-15,NA,NA,1323.83509721024,1829.26545019079,818.404744229698
"616",2021-10-22,NA,NA,1338.53509721024,1846.7976305652,830.272563855289
"617",2021-10-29,NA,NA,1336.33509721025,1847.41411645361,825.256077966885
"618",2021-11-05,NA,NA,1382.83509721024,1896.71516591219,868.955028508299
"619",2021-11-12,NA,NA,1366.63509721024,1883.3010300019,849.969164418586
"620",2021-11-19,NA,NA,1360.83509721024,1880.2719530511,841.398241369388
"621",2021-11-26,NA,NA,1416.93509721024,1939.12817290562,894.742021514874
"622",2021-12-03,NA,NA,1466.73509721024,1991.66992116704,941.800273253449
"623",2021-12-10,NA,NA,1520.83509721024,2048.49742341983,993.172771000661
"624",2021-12-17,NA,NA,1468.13509721024,1998.51089944793,937.759294972559
"625",2021-12-24,NA,NA,1428.29394645101,1961.33981477815,895.248078123865
"626",2021-12-31,NA,NA,1602.20303736011,2137.87889913277,1066.52717558744
"627",2022-01-07,NA,NA,1703.6121282692,2241.90513401155,1165.31912252685
"628",2022-01-14,NA,NA,1605.15758281465,2146.05506956827,1064.26009606104
"629",2022-01-21,NA,NA,1540.97576463283,2084.46525148757,997.486277778098
"630",2022-01-28,NA,NA,1504.24849190556,2050.31767567889,958.179308132231
"631",2022-02-04,NA,NA,1512.88485554192,2061.52160660051,964.248104483342
"632",2022-02-11,NA,NA,1490.43031008738,2041.62266830487,939.237951869882
"633",2022-02-18,NA,NA,1488.24849190556,2041.98466275104,934.512321060085
"634",2022-02-25,NA,NA,1461.43031008738,2017.69866083894,905.161959335825
