"","Week.ended","signal","South.West","fit","upr","lwr"
"1",2010-01-08,1104.25240344407,1395,NA,NA,NA
"2",2010-01-15,1239.53550762298,1354,NA,NA,NA
"3",2010-01-22,1334.7140755704,1294,NA,NA,NA
"4",2010-01-29,1245.68629796352,1150,NA,NA,NA
"5",2010-02-05,1177.82409893667,1147,NA,NA,NA
"6",2010-02-12,1136.98345328713,1070,NA,NA,NA
"7",2010-02-19,1124.23162163989,1069,NA,NA,NA
"8",2010-02-26,1093.77628727046,1098,NA,NA,NA
"9",2010-03-05,1096.70522440065,1041,NA,NA,NA
"10",2010-03-12,1049.50438031719,1042,NA,NA,NA
"11",2010-03-19,1087.37766234941,1015,NA,NA,NA
"12",2010-03-26,1067.10821136708,1066,NA,NA,NA
"13",2010-04-02,986.504903938861,921,NA,NA,NA
"14",2010-04-09,943.311254259332,991,NA,NA,NA
"15",2010-04-16,1028.07130356874,1056,NA,NA,NA
"16",2010-04-23,1017.46442967322,1019,NA,NA,NA
"17",2010-04-30,978.665905320009,999,NA,NA,NA
"18",2010-05-07,1005.55374128414,872,NA,NA,NA
"19",2010-05-14,951.712727316145,1055,NA,NA,NA
"20",2010-05-21,962.307016329958,965,NA,NA,NA
"21",2010-05-28,987.640574713845,978,NA,NA,NA
"22",2010-06-04,883.449530439997,831,NA,NA,NA
"23",2010-06-11,854.288934434444,927,NA,NA,NA
"24",2010-06-18,979.988581192252,988,NA,NA,NA
"25",2010-06-25,911.810066717298,848,NA,NA,NA
"26",2010-07-02,912.840053694664,939,NA,NA,NA
"27",2010-07-09,904.108685252389,950,NA,NA,NA
"28",2010-07-16,887.63829540085,862,NA,NA,NA
"29",2010-07-23,908.698126254175,875,NA,NA,NA
"30",2010-07-30,895.569228516256,873,NA,NA,NA
"31",2010-08-06,900.687374340652,906,NA,NA,NA
"32",2010-08-13,889.188436300685,874,NA,NA,NA
"33",2010-08-20,921.396019514901,939,NA,NA,NA
"34",2010-08-27,909.152909810377,938,NA,NA,NA
"35",2010-09-03,856.188062603695,817,NA,NA,NA
"36",2010-09-10,880.162153452054,992,NA,NA,NA
"37",2010-09-17,936.561206600021,933,NA,NA,NA
"38",2010-09-24,948.072810231094,930,NA,NA,NA
"39",2010-10-01,925.363088866817,934,NA,NA,NA
"40",2010-10-08,956.43787378366,937,NA,NA,NA
"41",2010-10-15,967.672807472367,976,NA,NA,NA
"42",2010-10-22,972.610732985618,942,NA,NA,NA
"43",2010-10-29,988.075658955534,968,NA,NA,NA
"44",2010-11-05,981.63879988152,992,NA,NA,NA
"45",2010-11-12,995.083532964838,963,NA,NA,NA
"46",2010-11-19,1028.64317051666,1010,NA,NA,NA
"47",2010-11-26,1023.4155250055,987,NA,NA,NA
"48",2010-12-03,1037.86133874623,1003,NA,NA,NA
"49",2010-12-10,1075.08785018993,1170,NA,NA,NA
"50",2010-12-17,1107.14953351182,1143,NA,NA,NA
"51",2010-12-24,1128.87148307835,1157,NA,NA,NA
"52",2010-12-31,1094.61458316142,1121,NA,NA,NA
"53",2011-01-07,1046.45763028007,1121,NA,NA,NA
"54",2011-01-14,1192.21322282271,1428,NA,NA,NA
"55",2011-01-21,1290.62316309009,1320,NA,NA,NA
"56",2011-01-28,1200.6433843057,1093,NA,NA,NA
"57",2011-02-04,1132.54284235376,1070,NA,NA,NA
"58",2011-02-11,1093.35698579708,1042,NA,NA,NA
"59",2011-02-18,1081.32727811332,1011,NA,NA,NA
"60",2011-02-25,1052.49505140101,972,NA,NA,NA
"61",2011-03-04,1062.103532466,999,NA,NA,NA
"62",2011-03-11,1022.02380005833,1051,NA,NA,NA
"63",2011-03-18,1064.84085169406,1018,NA,NA,NA
"64",2011-03-25,1047.99100672363,1062,NA,NA,NA
"65",2011-04-01,969.905035511941,974,NA,NA,NA
"66",2011-04-08,925.074656497501,991,NA,NA,NA
"67",2011-04-15,1007.10952581469,1010,NA,NA,NA
"68",2011-04-22,995.271877287938,859,NA,NA,NA
"69",2011-04-29,963.467610675063,845,NA,NA,NA
"70",2011-05-06,1005.63407898726,1069,NA,NA,NA
"71",2011-05-13,955.318554666946,1128,NA,NA,NA
"72",2011-05-20,965.296544721819,936,NA,NA,NA
"73",2011-05-27,991.923097955844,942,NA,NA,NA
"74",2011-06-03,891.429309429554,807,NA,NA,NA
"75",2011-06-10,867.874681087913,1031,NA,NA,NA
"76",2011-06-17,993.783924170506,982,NA,NA,NA
"77",2011-06-24,926.996490327755,969,NA,NA,NA
"78",2011-07-01,923.102078576669,899,NA,NA,NA
"79",2011-07-08,912.446198486582,901,NA,NA,NA
"80",2011-07-15,897.473484326301,857,NA,NA,NA
"81",2011-07-22,920.916428568638,932,NA,NA,NA
"82",2011-07-29,907.497850263439,932,NA,NA,NA
"83",2011-08-05,909.516862064984,931,NA,NA,NA
"84",2011-08-12,893.953653580054,900,NA,NA,NA
"85",2011-08-19,920.829569134542,930,NA,NA,NA
"86",2011-08-26,903.758147864823,915,NA,NA,NA
"87",2011-09-02,847.015757069661,825,NA,NA,NA
"88",2011-09-09,866.187375914158,950,NA,NA,NA
"89",2011-09-16,919.456641415759,877,NA,NA,NA
"90",2011-09-23,930.159929976897,942,NA,NA,NA
"91",2011-09-30,904.856544400264,902,NA,NA,NA
"92",2011-10-07,934.023651569639,923,NA,NA,NA
"93",2011-10-14,942.848704971828,909,NA,NA,NA
"94",2011-10-21,947.89401706793,935,NA,NA,NA
"95",2011-10-28,962.408908091869,916,NA,NA,NA
"96",2011-11-04,956.593713064523,1027,NA,NA,NA
"97",2011-11-11,967.076321427125,962,NA,NA,NA
"98",2011-11-18,996.061909844792,987,NA,NA,NA
"99",2011-11-25,985.688358013596,1013,NA,NA,NA
"100",2011-12-02,991.184711848989,925,NA,NA,NA
"101",2011-12-09,1021.33129774283,991,NA,NA,NA
"102",2011-12-16,1053.78820601129,1116,NA,NA,NA
"103",2011-12-23,1074.33200567563,1179,NA,NA,NA
"104",2011-12-30,1034.32870000215,1004.5,NA,NA,NA
"105",2012-01-06,983.780478831478,1004.5,NA,NA,NA
"106",2012-01-13,1130.35721779334,1177,NA,NA,NA
"107",2012-01-20,1240.87735676593,1088,NA,NA,NA
"108",2012-01-27,1173.88561143941,1095,NA,NA,NA
"109",2012-02-03,1127.05669634428,1083,NA,NA,NA
"110",2012-02-10,1108.03912170926,1116,NA,NA,NA
"111",2012-02-17,1112.63731144124,1117,NA,NA,NA
"112",2012-02-24,1095.9751142693,1148,NA,NA,NA
"113",2012-03-02,1109.84417736907,1171,NA,NA,NA
"114",2012-03-09,1066.60861202128,1089,NA,NA,NA
"115",2012-03-16,1106.66284497334,1043,NA,NA,NA
"116",2012-03-23,1088.05420136075,1052,NA,NA,NA
"117",2012-03-30,1011.1974514118,1029,NA,NA,NA
"118",2012-04-06,966.778157014281,857,NA,NA,NA
"119",2012-04-13,1059.71096782415,1030,NA,NA,NA
"120",2012-04-20,1060.71707664058,1183,NA,NA,NA
"121",2012-04-27,1026.32473373666,1092,NA,NA,NA
"122",2012-05-04,1054.91256501506,1051,NA,NA,NA
"123",2012-05-11,995.033917590476,909,NA,NA,NA
"124",2012-05-18,1010.89020132878,1094,NA,NA,NA
"125",2012-05-25,1036.68607983284,1019,NA,NA,NA
"126",2012-06-01,933.437551352149,1051,NA,NA,NA
"127",2012-06-08,895.072312508223,733,NA,NA,NA
"128",2012-06-15,1025.58035359211,1090,NA,NA,NA
"129",2012-06-22,958.843510482577,950,NA,NA,NA
"130",2012-06-29,958.034491966391,955,NA,NA,NA
"131",2012-07-06,949.206586990051,933,NA,NA,NA
"132",2012-07-13,936.345971553813,973,NA,NA,NA
"133",2012-07-20,957.29766179672,943,NA,NA,NA
"134",2012-07-27,942.902707450754,946,NA,NA,NA
"135",2012-08-03,945.222891314497,971,NA,NA,NA
"136",2012-08-10,929.704569407661,968,NA,NA,NA
"137",2012-08-17,954.700586154089,962,NA,NA,NA
"138",2012-08-24,935.860937657346,936,NA,NA,NA
"139",2012-08-31,878.012989229869,793,NA,NA,NA
"140",2012-09-07,899.839037894146,974,NA,NA,NA
"141",2012-09-14,956.338792300858,902,NA,NA,NA
"142",2012-09-21,970.98175549956,997,NA,NA,NA
"143",2012-09-28,948.771820745567,942,NA,NA,NA
"144",2012-10-05,981.266061860231,997,NA,NA,NA
"145",2012-10-12,991.82122346379,1022,NA,NA,NA
"146",2012-10-19,994.775165915257,1003,NA,NA,NA
"147",2012-10-26,1005.93820945111,1001,NA,NA,NA
"148",2012-11-02,994.295989833888,998,NA,NA,NA
"149",2012-11-09,1002.93269650804,998,NA,NA,NA
"150",2012-11-16,1030.06381098931,1015,NA,NA,NA
"151",2012-11-23,1018.19400846771,1074,NA,NA,NA
"152",2012-11-30,1020.49342742269,1031,NA,NA,NA
"153",2012-12-07,1042.86576198522,983,NA,NA,NA
"154",2012-12-14,1069.31118231924,1048,NA,NA,NA
"155",2012-12-21,1088.82855977522,1017,NA,NA,NA
"156",2012-12-28,1058.33302214265,997.5,NA,NA,NA
"157",2013-01-04,1019.14306082358,997.5,NA,NA,NA
"158",2013-01-11,1179.6064687634,1346,NA,NA,NA
"159",2013-01-18,1296.86595772401,1149,NA,NA,NA
"160",2013-01-25,1236.31445722059,1191,NA,NA,NA
"161",2013-02-01,1193.92209386099,1211,NA,NA,NA
"162",2013-02-08,1175.6922544922,1182,NA,NA,NA
"163",2013-02-15,1181.17684665893,1146,NA,NA,NA
"164",2013-02-22,1167.76096760662,1159,NA,NA,NA
"165",2013-03-01,1188.50435021556,1155,NA,NA,NA
"166",2013-03-08,1157.79289326307,1198,NA,NA,NA
"167",2013-03-15,1209.30790410075,1286,NA,NA,NA
"168",2013-03-22,1193.78295896213,1195,NA,NA,NA
"169",2013-03-29,1117.78537477455,1022,NA,NA,NA
"170",2013-04-05,1081.00473710823,1169,NA,NA,NA
"171",2013-04-12,1169.77210545785,1320,NA,NA,NA
"172",2013-04-19,1155.87312752425,1322,NA,NA,NA
"173",2013-04-26,1103.95887340238,1159,NA,NA,NA
"174",2013-05-03,1115.65949169219,1094,NA,NA,NA
"175",2013-05-10,1039.9528559359,942,NA,NA,NA
"176",2013-05-17,1040.69253273315,1068,NA,NA,NA
"177",2013-05-24,1054.70236436496,1020,NA,NA,NA
"178",2013-05-31,940.683405319724,856,NA,NA,NA
"179",2013-06-07,903.61877216286,961,NA,NA,NA
"180",2013-06-14,1022.32934256248,975,NA,NA,NA
"181",2013-06-21,950.464763007869,947,NA,NA,NA
"182",2013-06-28,944.206977704166,906,NA,NA,NA
"183",2013-07-05,932.029574439869,926,NA,NA,NA
"184",2013-07-12,915.21204610115,914,NA,NA,NA
"185",2013-07-19,934.466858688778,958,NA,NA,NA
"186",2013-07-26,916.117096614878,922,NA,NA,NA
"187",2013-08-02,914.316213671832,853,NA,NA,NA
"188",2013-08-09,899.874986655094,911,NA,NA,NA
"189",2013-08-16,927.569763631755,904,NA,NA,NA
"190",2013-08-23,913.271301071781,909,NA,NA,NA
"191",2013-08-30,860.227770956985,808,NA,NA,NA
"192",2013-09-06,884.901453404001,1003,NA,NA,NA
"193",2013-09-13,941.626428501741,888,NA,NA,NA
"194",2013-09-20,956.452094984688,953,NA,NA,NA
"195",2013-09-27,936.183799628056,960,NA,NA,NA
"196",2013-10-04,968.794035240419,972,NA,NA,NA
"197",2013-10-11,980.212922965661,971,NA,NA,NA
"198",2013-10-18,986.381683654529,987,NA,NA,NA
"199",2013-10-25,1001.21354015538,1007,NA,NA,NA
"200",2013-11-01,992.600032016196,977,NA,NA,NA
"201",2013-11-08,1005.41761120612,1052,NA,NA,NA
"202",2013-11-15,1033.6549222581,1044,NA,NA,NA
"203",2013-11-22,1021.37478773086,1020,NA,NA,NA
"204",2013-11-29,1026.67670735807,1054,NA,NA,NA
"205",2013-12-06,1051.04783728292,1102,NA,NA,NA
"206",2013-12-13,1072.87788927618,1126,NA,NA,NA
"207",2013-12-20,1083.33735007201,1101,NA,NA,NA
"208",2013-12-27,1038.44261626557,950,NA,NA,NA
"209",2014-01-03,986.501336368216,950,NA,NA,NA
"210",2014-01-10,1135.10024135151,1187,NA,NA,NA
"211",2014-01-17,1247.32878390266,1235,NA,NA,NA
"212",2014-01-24,1173.65680582489,1118,NA,NA,NA
"213",2014-01-31,1118.76124758169,1053,NA,NA,NA
"214",2014-02-07,1092.97246512976,1055,NA,NA,NA
"215",2014-02-14,1093.54097693389,1095,NA,NA,NA
"216",2014-02-21,1073.02240700072,1128,NA,NA,NA
"217",2014-02-28,1082.85886511606,1071,NA,NA,NA
"218",2014-03-07,1039.94857369905,1026,NA,NA,NA
"219",2014-03-14,1082.49702983938,1086,NA,NA,NA
"220",2014-03-21,1062.37382024364,1000,NA,NA,NA
"221",2014-03-28,985.573389783015,978,NA,NA,NA
"222",2014-04-04,942.724976809149,1018,NA,NA,NA
"223",2014-04-11,1026.1837768834,1039,NA,NA,NA
"224",2014-04-18,1015.1776411589,855,NA,NA,NA
"225",2014-04-25,985.631701973392,945,NA,NA,NA
"226",2014-05-02,1025.41086440487,1159,NA,NA,NA
"227",2014-05-09,968.516764260349,944,NA,NA,NA
"228",2014-05-16,983.685946276395,988,NA,NA,NA
"229",2014-05-23,1013.49764415683,1066,NA,NA,NA
"230",2014-05-30,910.075740886766,807,NA,NA,NA
"231",2014-06-06,884.705909367476,979,NA,NA,NA
"232",2014-06-13,1012.90813856534,1045,NA,NA,NA
"233",2014-06-20,945.794966210283,957,NA,NA,NA
"234",2014-06-27,943.413021831366,946,NA,NA,NA
"235",2014-07-04,932.676673756932,886,NA,NA,NA
"236",2014-07-11,919.726221214944,912,NA,NA,NA
"237",2014-07-18,943.236907898034,930,NA,NA,NA
"238",2014-07-25,931.337638935368,961,NA,NA,NA
"239",2014-08-01,934.567973058771,930,NA,NA,NA
"240",2014-08-08,921.770946483832,923,NA,NA,NA
"241",2014-08-15,951.700563895614,956,NA,NA,NA
"242",2014-08-22,937.973569623848,911,NA,NA,NA
"243",2014-08-29,886.856491849146,848,NA,NA,NA
"244",2014-09-05,912.658562341365,1012,NA,NA,NA
"245",2014-09-12,971.631442831714,1004,NA,NA,NA
"246",2014-09-19,983.572407194608,1005,NA,NA,NA
"247",2014-09-26,958.93446648002,936,NA,NA,NA
"248",2014-10-03,989.965368541992,967,NA,NA,NA
"249",2014-10-10,1001.36695776893,958,NA,NA,NA
"250",2014-10-17,1009.556902253,1039,NA,NA,NA
"251",2014-10-24,1024.68953654608,1010,NA,NA,NA
"252",2014-10-31,1017.59891528009,1030,NA,NA,NA
"253",2014-11-07,1030.26813573508,1020,NA,NA,NA
"254",2014-11-14,1061.75020948847,1024,NA,NA,NA
"255",2014-11-21,1055.58540308735,999,NA,NA,NA
"256",2014-11-28,1070.29789435923,988,NA,NA,NA
"257",2014-12-05,1110.62233238677,1080,NA,NA,NA
"258",2014-12-12,1153.27446318081,1076,NA,NA,NA
"259",2014-12-19,1192.33871742796,1266,NA,NA,NA
"260",2014-12-26,1172.70650077187,1042,NA,NA,NA
"261",2015-01-02,1148.55025639546,1042,NA,NA,NA
"262",2015-01-09,1329.11506407915,1697,NA,NA,NA
"263",2015-01-16,1454.44994580938,1498,NA,NA,NA
"264",2015-01-23,1390.54918054301,1510,NA,NA,NA
"265",2015-01-30,1334.97354302662,1398,NA,NA,NA
"266",2015-02-06,1300.81799195807,1297,NA,NA,NA
"267",2015-02-13,1290.98122668807,1283,NA,NA,NA
"268",2015-02-20,1260.62082063529,1257,NA,NA,NA
"269",2015-02-27,1264.11288676346,1290,NA,NA,NA
"270",2015-03-06,1212.60533604898,1290,NA,NA,NA
"271",2015-03-13,1241.1047151592,1219,NA,NA,NA
"272",2015-03-20,1208.46082227667,1192,NA,NA,NA
"273",2015-03-27,1116.39939295784,1164,NA,NA,NA
"274",2015-04-03,1054.99692318289,920,NA,NA,NA
"275",2015-04-10,1132.45173973361,1005,NA,NA,NA
"276",2015-04-17,1123.81350861722,1212,NA,NA,NA
"277",2015-04-24,1081.81187005143,1129,NA,NA,NA
"278",2015-05-01,1103.89380970946,1110,NA,NA,NA
"279",2015-05-08,1036.91130162772,901,NA,NA,NA
"280",2015-05-15,1048.64065451503,1100,NA,NA,NA
"281",2015-05-22,1072.20462678244,1122,NA,NA,NA
"282",2015-05-29,962.696564056395,816,NA,NA,NA
"283",2015-06-05,933.844080285239,1094,NA,NA,NA
"284",2015-06-12,1054.63269641867,1022,NA,NA,NA
"285",2015-06-19,983.968993820871,983,NA,NA,NA
"286",2015-06-26,978.763125583131,916,NA,NA,NA
"287",2015-07-03,969.103272155167,1017,NA,NA,NA
"288",2015-07-10,951.584704312017,949,NA,NA,NA
"289",2015-07-17,970.220404449336,933,NA,NA,NA
"290",2015-07-24,954.877603038139,905,NA,NA,NA
"291",2015-07-31,959.411744504166,1000,NA,NA,NA
"292",2015-08-07,945.223377454598,895,NA,NA,NA
"293",2015-08-14,976.832590815404,974,NA,NA,NA
"294",2015-08-21,965.210867253393,1000,NA,NA,NA
"295",2015-08-28,912.512755600806,967,NA,NA,NA
"296",2015-09-04,931.162574798269,825,NA,NA,NA
"297",2015-09-11,995.248703313401,1065,NA,NA,NA
"298",2015-09-18,1010.07172828706,1020,NA,NA,NA
"299",2015-09-25,989.002184733787,975,NA,NA,NA
"300",2015-10-02,1023.06836105417,1086,NA,NA,NA
"301",2015-10-09,1032.378464851,1076,NA,NA,NA
"302",2015-10-16,1033.28501894926,1039,NA,NA,NA
"303",2015-10-23,1042.55047461664,1079,NA,NA,NA
"304",2015-10-30,1026.54044172084,1003,NA,NA,NA
"305",2015-11-06,1032.43541921124,1002,NA,NA,NA
"306",2015-11-13,1058.34693356223,1081,NA,NA,NA
"307",2015-11-20,1043.00640048769,1019,NA,NA,NA
"308",2015-11-27,1046.59868853098,1037,NA,NA,NA
"309",2015-12-04,1071.46387394127,1127,NA,NA,NA
"310",2015-12-11,1093.51438773888,1102,NA,NA,NA
"311",2015-12-18,1106.85843808514,1089,NA,NA,NA
"312",2015-12-25,1066.9683686425,877,NA,NA,NA
"313",2016-01-01,1026.09131385332,1090.5,NA,NA,NA
"314",2016-01-08,1179.73163301426,1090.5,NA,NA,NA
"315",2016-01-15,1305.42501159118,1263,NA,NA,NA
"316",2016-01-22,1247.01416176637,1219,NA,NA,NA
"317",2016-01-29,1205.7298815964,1207,NA,NA,NA
"318",2016-02-05,1189.55161263869,1169,NA,NA,NA
"319",2016-02-12,1198.69087500579,1222,NA,NA,NA
"320",2016-02-19,1185.43893311688,1171,NA,NA,NA
"321",2016-02-26,1206.68514204895,1215,NA,NA,NA
"322",2016-03-04,1173.98053353975,1218,NA,NA,NA
"323",2016-03-11,1223.2748522728,1148,NA,NA,NA
"324",2016-03-18,1214.59935666384,1292,NA,NA,NA
"325",2016-03-25,1140.90420654389,1122,NA,NA,NA
"326",2016-04-01,1101.83735328652,1104,NA,NA,NA
"327",2016-04-08,1193.4414225407,1319,NA,NA,NA
"328",2016-04-15,1183.85153278174,1282,NA,NA,NA
"329",2016-04-22,1140.30365541715,1250,NA,NA,NA
"330",2016-04-29,1157.10855581708,1128,NA,NA,NA
"331",2016-05-06,1086.9507992854,994,NA,NA,NA
"332",2016-05-13,1092.94080774261,1143,NA,NA,NA
"333",2016-05-20,1110.84303517683,1092,NA,NA,NA
"334",2016-05-27,999.769908462845,1082,NA,NA,NA
"335",2016-06-03,955.688881802111,817,NA,NA,NA
"336",2016-06-10,1079.08549587955,1004,NA,NA,NA
"337",2016-06-17,1013.56358497837,993,NA,NA,NA
"338",2016-06-24,1014.66901087972,1039,NA,NA,NA
"339",2016-07-01,1006.12224260283,964,NA,NA,NA
"340",2016-07-08,995.089538804798,1031,NA,NA,NA
"341",2016-07-15,1017.91352046956,1052,NA,NA,NA
"342",2016-07-22,1002.50305187474,1023,NA,NA,NA
"343",2016-07-29,1002.76922369548,1027,NA,NA,NA
"344",2016-08-05,985.289182536122,1052,NA,NA,NA
"345",2016-08-12,1006.62750872431,974,NA,NA,NA
"346",2016-08-19,986.51320655392,983,NA,NA,NA
"347",2016-08-26,927.60858998568,1000,NA,NA,NA
"348",2016-09-02,938.98329481046,797,NA,NA,NA
"349",2016-09-09,997.932267290956,1033,NA,NA,NA
"350",2016-09-16,1009.68822345251,988,NA,NA,NA
"351",2016-09-23,987.438640421997,941,NA,NA,NA
"352",2016-09-30,1022.26074591322,987,NA,NA,NA
"353",2016-10-07,1038.18738770927,1024,NA,NA,NA
"354",2016-10-14,1049.16080321165,1056,NA,NA,NA
"355",2016-10-21,1068.42602150878,1078,NA,NA,NA
"356",2016-10-28,1064.01981725671,1043,NA,NA,NA
"357",2016-11-04,1081.36818001371,1114,NA,NA,NA
"358",2016-11-11,1114.96891381177,1139,NA,NA,NA
"359",2016-11-18,1107.23535312689,1154,NA,NA,NA
"360",2016-11-25,1114.21064623741,1154,NA,NA,NA
"361",2016-12-02,1139.51111325249,1112,NA,NA,NA
"362",2016-12-09,1166.95358003605,1201,NA,NA,NA
"363",2016-12-16,1184.16398751378,1145,NA,NA,NA
"364",2016-12-23,1149.41189612571,1223,NA,NA,NA
"365",2016-12-30,1097.94246115785,1037,NA,NA,NA
"366",2017-01-06,1248.47197869221,1037,NA,NA,NA
"367",2017-01-13,1378.35046611557,1419,NA,NA,NA
"368",2017-01-20,1319.16642398863,1346,NA,NA,NA
"369",2017-01-27,1273.83536633273,1278,NA,NA,NA
"370",2017-02-03,1253.43756085351,1359,NA,NA,NA
"371",2017-02-10,1250.83017422154,1339,NA,NA,NA
"372",2017-02-17,1221.96037482614,1217,NA,NA,NA
"373",2017-02-24,1227.02299885361,1312,NA,NA,NA
"374",2017-03-03,1173.55922828219,1221,NA,NA,NA
"375",2017-03-10,1201.89018447633,1144,NA,NA,NA
"376",2017-03-17,1171.21372307935,1083,NA,NA,NA
"377",2017-03-24,1085.40229445457,1107,NA,NA,NA
"378",2017-03-31,1031.80180757976,1064,NA,NA,NA
"379",2017-04-07,1107.07957279113,1075,NA,NA,NA
"380",2017-04-14,1090.57200610818,863,NA,NA,NA
"381",2017-04-21,1059.54706612286,984,NA,NA,NA
"382",2017-04-28,1099.93114996166,1159,NA,NA,NA
"383",2017-05-05,1048.08971168881,997,NA,NA,NA
"384",2017-05-12,1069.8975609528,1155,NA,NA,NA
"385",2017-05-19,1101.52607431601,1161,NA,NA,NA
"386",2017-05-26,999.504888642768,1118,NA,NA,NA
"387",2017-06-02,962.311326667257,897,NA,NA,NA
"388",2017-06-09,1088.2158687882,1066,NA,NA,NA
"389",2017-06-16,1022.04636420926,1015,NA,NA,NA
"390",2017-06-23,1021.69742161536,1058,NA,NA,NA
"391",2017-06-30,1010.98176098443,1038,NA,NA,NA
"392",2017-07-07,993.653517765449,996,NA,NA,NA
"393",2017-07-14,1012.18522484181,1031,NA,NA,NA
"394",2017-07-21,993.393972764524,979,NA,NA,NA
"395",2017-07-28,992.361824414889,963,NA,NA,NA
"396",2017-08-04,976.782135460454,946,NA,NA,NA
"397",2017-08-11,1005.839677113,982,NA,NA,NA
"398",2017-08-18,992.920089004975,998,NA,NA,NA
"399",2017-08-25,940.697306598657,1001,NA,NA,NA
"400",2017-09-01,959.475360185576,908,NA,NA,NA
"401",2017-09-08,1020.42571872548,993,NA,NA,NA
"402",2017-09-15,1037.91298026471,1006,NA,NA,NA
"403",2017-09-22,1022.0049668409,1074,NA,NA,NA
"404",2017-09-29,1057.29363180206,1109,NA,NA,NA
"405",2017-10-06,1068.49620410563,1063,NA,NA,NA
"406",2017-10-13,1074.22681714628,1068,NA,NA,NA
"407",2017-10-20,1089.02907753608,1098,NA,NA,NA
"408",2017-10-27,1080.19590875318,1020,NA,NA,NA
"409",2017-11-03,1095.4555305393,1105,NA,NA,NA
"410",2017-11-10,1128.3454910216,1117,NA,NA,NA
"411",2017-11-17,1122.01260671242,1103,NA,NA,NA
"412",2017-11-24,1134.31448912582,1151,NA,NA,NA
"413",2017-12-01,1166.32049744495,1123,NA,NA,NA
"414",2017-12-08,1201.41208803852,1140,NA,NA,NA
"415",2017-12-15,1231.9690568164,1204,NA,NA,NA
"416",2017-12-22,1209.8953577073,1332,NA,NA,NA
"417",2017-12-29,1168.20860723226,1128,NA,NA,NA
"418",2018-01-05,1327.28330996113,1128,NA,NA,NA
"419",2018-01-12,1464.97950234034,1552,NA,NA,NA
"420",2018-01-19,1410.84551592566,1535,NA,NA,NA
"421",2018-01-26,1364.7559192137,1460,NA,NA,NA
"422",2018-02-02,1338.16350127381,1382,NA,NA,NA
"423",2018-02-09,1333.04561263317,1378,NA,NA,NA
"424",2018-02-16,1304.24462305904,1283,NA,NA,NA
"425",2018-02-23,1310.34798165627,1314,NA,NA,NA
"426",2018-03-02,1262.77882422031,997,NA,NA,NA
"427",2018-03-09,1315.69889345242,1560,NA,NA,NA
"428",2018-03-16,1291.57526915841,1414,NA,NA,NA
"429",2018-03-23,1199.74472936976,1283,NA,NA,NA
"430",2018-03-30,1136.44510185842,1047,NA,NA,NA
"431",2018-04-06,1209.28400191579,1142,NA,NA,NA
"432",2018-04-13,1192.43874511824,1293,NA,NA,NA
"433",2018-04-20,1141.49149357336,1212,NA,NA,NA
"434",2018-04-27,1153.2359444519,1117,NA,NA,NA
"435",2018-05-04,1078.4431363237,1082,NA,NA,NA
"436",2018-05-11,1074.03803691962,929,NA,NA,NA
"437",2018-05-18,1093.18952734012,1068,NA,NA,NA
"438",2018-05-25,983.744453760511,997,NA,NA,NA
"439",2018-06-01,945.40822339794,830,NA,NA,NA
"440",2018-06-08,1073.16012854491,1057,NA,NA,NA
"441",2018-06-15,1008.47655036141,1085,NA,NA,NA
"442",2018-06-22,1004.62567294006,1019,NA,NA,NA
"443",2018-06-29,991.716864344207,983,NA,NA,NA
"444",2018-07-06,974.328321471651,991,NA,NA,NA
"445",2018-07-13,991.944730087873,1025,NA,NA,NA
"446",2018-07-20,971.388236152139,971,NA,NA,NA
"447",2018-07-27,967.754914076668,941,NA,NA,NA
"448",2018-08-03,949.41845805008,957,NA,NA,NA
"449",2018-08-10,973.429497974947,997,NA,NA,NA
"450",2018-08-17,952.633733365478,902,NA,NA,NA
"451",2018-08-24,895.860041243621,900,NA,NA,NA
"452",2018-08-31,913.439255837783,845,NA,NA,NA
"453",2018-09-07,974.203264864286,1000,NA,NA,NA
"454",2018-09-14,988.327596716264,986,NA,NA,NA
"455",2018-09-21,967.290851091446,986,NA,NA,NA
"456",2018-09-28,999.437450611754,965,NA,NA,NA
"457",2018-10-05,1012.63944808753,1020,NA,NA,NA
"458",2018-10-12,1019.60213129691,1043,NA,NA,NA
"459",2018-10-19,1033.86831358534,1088,NA,NA,NA
"460",2018-10-26,1021.80364818886,1004,NA,NA,NA
"461",2018-11-02,1031.30159287058,988,NA,NA,NA
"462",2018-11-09,1061.58399150791,1106,NA,NA,NA
"463",2018-11-16,1049.31542233481,1077,NA,NA,NA
"464",2018-11-23,1052.89450017623,1062,NA,NA,NA
"465",2018-11-30,1076.63011660023,1040,NA,NA,NA
"466",2018-12-07,1103.05200016746,1076,NA,NA,NA
"467",2018-12-14,1122.88848135582,1106,NA,NA,NA
"468",2018-12-21,1089.43295092407,1225,NA,NA,NA
"469",2018-12-28,1035.56086587958,946,NA,NA,NA
"470",2019-01-04,1185.39582175585,946,NA,NA,NA
"471",2019-01-11,1316.246381053,1394,NA,NA,NA
"472",2019-01-18,1255.81985486663,1236,NA,NA,NA
"473",2019-01-25,1212.03082143338,1229,NA,NA,NA
"474",2019-02-01,1192.41080139203,1191,NA,NA,NA
"475",2019-02-08,1196.96589407006,1251,NA,NA,NA
"476",2019-02-15,1177.29596315077,1207,NA,NA,NA
"477",2019-02-22,1189.48951153628,1234,NA,NA,NA
"478",2019-03-01,1145.57190762323,1178,NA,NA,NA
"479",2019-03-08,1184.34506168232,1198,NA,NA,NA
"480",2019-03-15,1159.8406301645,1149,NA,NA,NA
"481",2019-03-22,1075.58322125377,1089,NA,NA,NA
"482",2019-03-29,1024.02503240392,1047,NA,NA,NA
"483",2019-04-05,1101.89558346992,1039,NA,NA,NA
"484",2019-04-12,1089.82005508973,1037,NA,NA,NA
"485",2019-04-19,1052.79708972773,919,NA,NA,NA
"486",2019-04-26,1090.65979867637,1053,NA,NA,NA
"487",2019-05-03,1042.07023130455,1251,NA,NA,NA
"488",2019-05-10,1051.61069847984,922,NA,NA,NA
"489",2019-05-17,1083.78697536028,1078,NA,NA,NA
"490",2019-05-24,986.208647649285,1126,NA,NA,NA
"491",2019-05-31,952.186878286533,886,NA,NA,NA
"492",2019-06-07,1081.31547028598,1182,NA,NA,NA
"493",2019-06-14,1011.03470988432,986,NA,NA,NA
"494",2019-06-21,1007.64814520847,1032,NA,NA,NA
"495",2019-06-28,994.608140987555,1005,NA,NA,NA
"496",2019-07-05,975.947899049025,962,NA,NA,NA
"497",2019-07-12,994.120136945074,972,NA,NA,NA
"498",2019-07-19,977.412614389756,981,NA,NA,NA
"499",2019-07-26,977.390978858075,982,NA,NA,NA
"500",2019-08-02,960.794254071426,926,NA,NA,NA
"501",2019-08-09,989.074223041429,1010,NA,NA,NA
"502",2019-08-16,972.705237794057,978,NA,NA,NA
"503",2019-08-23,917.020234861881,963,NA,NA,NA
"504",2019-08-30,933.190931362182,814,NA,NA,NA
"505",2019-09-06,995.575534155792,1014,NA,NA,NA
"506",2019-09-13,1011.76047339261,1020,NA,NA,NA
"507",2019-09-20,992.153636791134,982,NA,NA,NA
"508",2019-09-27,1027.45281962288,1017,NA,NA,NA
"509",2019-10-04,1042.375878604,1059,NA,NA,NA
"510",2019-10-11,1050.50672751956,1026,NA,NA,NA
"511",2019-10-18,1068.80025955319,1040,NA,NA,NA
"512",2019-10-25,1065.71273400419,1107,NA,NA,NA
"513",2019-11-01,1080.66097952397,1118,NA,NA,NA
"514",2019-11-08,1111.58064699915,1102,NA,NA,NA
"515",2019-11-15,1103.17213503317,1083,NA,NA,NA
"516",2019-11-22,1113.46759619436,1203,NA,NA,NA
"517",2019-11-29,1139.11931917338,1166,NA,NA,NA
"518",2019-12-06,1163.66666971974,1157,NA,NA,NA
"519",2019-12-13,1180.4119201997,1130,NA,NA,NA
"520",2019-12-20,1145.86600425674,1288,NA,NA,NA
"521",2019-12-27,1090.5115857341,995.5,NA,NA,NA
"522",2020-01-03,1239.18953414347,995.5,NA,NA,NA
"523",2020-01-10,1369.13935603744,1487,NA,NA,NA
"524",2020-01-17,1305.41830615557,1466,NA,NA,NA
"525",2020-01-24,1247.56748931979,1253,NA,NA,NA
"526",2020-01-31,1214.57425146847,1233,NA,NA,NA
"527",2020-02-07,1204.57218259411,1157,NA,NA,NA
"528",2020-02-14,1176.40945766376,1169,NA,NA,NA
"529",2020-02-21,1182.3253295741,1118,NA,NA,NA
"530",2020-02-28,1138.62591092662,1133,NA,NA,NA
"531",2020-03-06,NA,NA,1179.88850201928,1358.77760749285,1000.99939654571
"532",2020-03-13,NA,NA,1158.68850201928,1341.71356514041,975.663438898159
"533",2020-03-20,NA,NA,1077.08850201929,1264.1581024461,890.018901592466
"534",2020-03-27,NA,NA,1028.98850201928,1220.01702626948,837.959977769088
"535",2020-04-03,NA,NA,1111.68850201928,1306.59555358634,916.78145045222
"536",2020-04-10,NA,NA,1100.68850201928,1299.39839212021,901.978611918355
"537",2020-04-17,NA,NA,1061.58850201928,1264.0298073334,859.147196705173
"538",2020-04-24,NA,NA,1089.38850201929,1295.49367849634,883.283325542229
"539",2020-05-01,NA,NA,1028.48850201929,1238.19354593573,818.783458102844
"540",2020-05-08,NA,NA,1038.18850201928,1251.43265110046,824.944352938107
"541",2020-05-15,NA,NA,1062.78850201928,1279.51397073654,846.063033302032
"542",2020-05-22,NA,NA,957.288502019286,1177.44024619605,737.136757842524
"543",2020-05-29,NA,NA,923.688502019283,1147.21400870125,700.16299533732
"544",2020-06-05,NA,NA,1049.28850201928,1276.13760122575,822.439402812816
"545",2020-06-12,NA,NA,981.488502019285,1211.61319753053,751.363806508038
"546",2020-06-19,NA,NA,979.088502019282,1212.44281879423,745.734185244336
"547",2020-06-26,NA,NA,968.488502019289,1205.02834819929,731.948655839285
"548",2020-07-03,NA,NA,952.888502019285,1192.5715437728,713.205460265769
"549",2020-07-10,NA,NA,973.288502019282,1216.07404973079,730.502954307777
"550",2020-07-17,NA,NA,957.488502019283,1203.33740653369,711.639597504877
"551",2020-07-24,NA,NA,958.588502019285,1207.46305982761,709.713944210956
"552",2020-07-31,NA,NA,943.388502019287,1195.25236841868,691.524635619899
"553",2020-08-07,NA,NA,970.988502019284,1225.80661140519,716.170392633379
"554",2020-08-14,NA,NA,955.188502019284,1212.92699457398,697.450009464593
"555",2020-08-21,NA,NA,900.388502019284,1161.01465615145,639.762347887121
"556",2020-08-28,NA,NA,920.188502019284,1183.67067198735,656.706332051219
"557",2020-09-04,NA,NA,979.088502019283,1245.39606023804,712.780943800523
"558",2020-09-11,NA,NA,992.888502019285,1261.9917856072,723.785218431373
"559",2020-09-18,NA,NA,971.388502019282,1243.2587631939,699.518240844666
"560",2020-09-25,NA,NA,1004.18850201928,1278.79786199179,729.579142046771
"561",2020-10-02,NA,NA,1015.98850201929,1293.30990807708,738.667095961497
"562",2020-10-09,NA,NA,1021.98850201928,1301.99568751856,741.981316520004
"563",2020-10-16,NA,NA,1036.68850201928,1319.35594903889,754.021054999669
"564",2020-10-23,NA,NA,1028.28850201928,1313.59140645235,742.985597586218
"565",2020-10-30,NA,NA,1040.38850201928,1328.3027409018,752.474263136764
"566",2020-11-06,NA,NA,1070.68850201928,1361.19060291471,780.186401123852
"567",2020-11-13,NA,NA,1061.08850201928,1354.15561429566,768.0213897429
"568",2020-11-20,NA,NA,1068.98850201928,1364.59836987111,773.378634167456
"569",2020-11-27,NA,NA,1097.58850201928,1395.71943910018,799.457564938387
"570",2020-12-04,NA,NA,1126.68850201928,1427.31936756387,826.05763647469
"571",2020-12-11,NA,NA,1147.58850201928,1450.69867834375,844.478325694818
"572",2020-12-18,NA,NA,1114.18850201928,1419.75787329986,808.619130738706
"573",2020-12-25,NA,NA,1068.46326167487,1376.24028155159,760.686241798146
"574",2021-01-01,NA,NA,1221.09962531124,1531.27890392269,910.920346699779
"575",2021-01-08,NA,NA,1340.46326167488,1653.02633658241,1027.90018676734
"576",2021-01-15,NA,NA,1273.19053440215,1588.11936241155,958.26170639274
"577",2021-01-22,NA,NA,1221.37235258397,1538.64929411471,904.09541105322
"578",2021-01-29,NA,NA,1194.7359889476,1514.34379320593,875.128184689271
"579",2021-02-05,NA,NA,1192.19053440215,1514.11232530571,870.268743498582
"580",2021-02-12,NA,NA,1168.64507985669,1492.86434266241,844.425817050969
"581",2021-02-19,NA,NA,1178.7359889476,1505.23655753824,852.23542035696
"582",2021-02-26,NA,NA,1135.37235258397,1464.13839737226,806.606307795672
"583",2021-03-05,NA,NA,1176.63494367663,1509.94620126369,843.323686089562
"584",2021-03-12,NA,NA,1155.43494367663,1491.38942389011,819.480463463143
"585",2021-03-19,NA,NA,1073.83494367663,1412.41201188526,735.257875467995
"586",2021-03-26,NA,NA,1025.73494367663,1366.91444109403,684.555446259219
"587",2021-04-02,NA,NA,1108.43494367662,1452.19716934901,764.672718004233
"588",2021-04-09,NA,NA,1097.43494367663,1443.76063741083,751.109249942424
"589",2021-04-16,NA,NA,1058.33494367663,1407.20526984628,709.464617506977
"590",2021-04-23,NA,NA,1086.13494367663,1437.53147584927,734.738411503986
"591",2021-04-30,NA,NA,1025.23494367663,1379.139650009,671.330237344261
"592",2021-05-07,NA,NA,1034.93494367663,1391.33017302943,678.539714323817
"593",2021-05-14,NA,NA,1059.53494367663,1418.40341240393,700.666474949319
"594",2021-05-21,NA,NA,954.034943676628,1315.35972304821,592.710164305046
"595",2021-05-28,NA,NA,920.434943676625,1284.1994478949,556.670439458354
"596",2021-06-04,NA,NA,1046.03494367663,1412.22291845243,679.846968900822
"597",2021-06-11,NA,NA,978.234943676627,1346.83045533086,609.639432022393
"598",2021-06-18,NA,NA,975.834943676624,1346.82236873695,604.847518616303
"599",2021-06-25,NA,NA,965.234943676631,1338.59895894073,591.870928412535
"600",2021-07-02,NA,NA,949.634943676627,1325.36051671547,573.909370637781
"601",2021-07-09,NA,NA,970.034943676624,1348.10732375299,591.962563600255
"602",2021-07-16,NA,NA,954.234943676625,1334.6396530558,573.830234297453
"603",2021-07-23,NA,NA,955.334943676627,1338.05776930778,572.612118045475
"604",2021-07-30,NA,NA,940.13494367663,1325.16192922483,555.10795812843
"605",2021-08-06,NA,NA,967.734943676626,1355.05238188665,580.417505466603
"606",2021-08-13,NA,NA,951.934943676627,1341.52936905104,562.340518302217
"607",2021-08-20,NA,NA,897.134943676627,1288.99312545169,505.276761901565
"608",2021-08-27,NA,NA,916.934943676627,1311.04387908066,522.826008272596
"609",2021-09-03,NA,NA,975.834943676625,1372.18185145634,579.488035896913
"610",2021-09-10,NA,NA,989.634943676627,1388.20725787793,591.062629475327
"611",2021-09-17,NA,NA,968.134943676624,1368.92030766715,567.349579686094
"612",2021-09-24,NA,NA,1000.93494367662,1403.92120439808,597.948682955166
"613",2021-10-01,NA,NA,1012.73494367663,1417.91014611565,607.559741237607
"614",2021-10-08,NA,NA,1018.73494367662,1426.08732554366,611.382561809592
"615",2021-10-15,NA,NA,1033.43494367662,1442.95293028281,623.916957070435
"616",2021-10-22,NA,NA,1025.03494367663,1436.70714299937,613.36274435388
"617",2021-10-29,NA,NA,1037.13494367663,1450.95014160496,623.31974574829
"618",2021-11-05,NA,NA,1067.43494367662,1483.38209942806,651.487787925188
"619",2021-11-12,NA,NA,1057.83494367662,1475.9031853776,639.766701975641
"620",2021-11-19,NA,NA,1065.73494367662,1485.91356409917,645.556323254082
"621",2021-11-26,NA,NA,1094.33494367662,1516.6133961241,672.056491229151
"622",2021-12-03,NA,NA,1123.43494367662,1547.80283801204,699.067049341209
"623",2021-12-10,NA,NA,1144.33494367662,1570.78204248715,717.887844866099
"624",2021-12-17,NA,NA,1110.93494367662,1539.45115856838,682.418728784869
"625",2021-12-24,NA,NA,1065.20970333221,1495.72545335599,634.693953308428
"626",2021-12-31,NA,NA,1217.84606696858,1650.36857168583,785.323562251322
"627",2022-01-07,NA,NA,1337.20970333222,1771.7296949957,902.689711668731
"628",2022-01-14,NA,NA,1269.93697605949,1706.4453141512,833.428637967781
"629",2022-01-21,NA,NA,1218.11879424131,1656.60646258779,779.631125894828
"630",2022-01-28,NA,NA,1191.48243060494,1631.94053458338,751.024326626506
"631",2022-02-04,NA,NA,1188.93697605949,1631.35673989088,746.517212228091
"632",2022-02-11,NA,NA,1165.39152151403,1609.76428564003,721.018757388038
"633",2022-02-18,NA,NA,1175.48243060494,1621.79964914499,729.165212064895
"634",2022-02-25,NA,NA,1132.11879424131,1580.37203252707,683.865555955547
