"","Week.ended","signal","West.Midlands","fit","upr","lwr"
"1",2010-01-08,973.575476773749,1370,NA,NA,NA
"2",2010-01-15,1283.57327566069,1258,NA,NA,NA
"3",2010-01-22,1228.92601167887,1216,NA,NA,NA
"4",2010-01-29,1174.14046429765,1106,NA,NA,NA
"5",2010-02-05,1136.99742784658,1097,NA,NA,NA
"6",2010-02-12,1104.73352744692,1024,NA,NA,NA
"7",2010-02-19,1071.78623174895,1029,NA,NA,NA
"8",2010-02-26,1046.03941957145,1020,NA,NA,NA
"9",2010-03-05,1042.0193076734,1060,NA,NA,NA
"10",2010-03-12,1052.59481007502,941,NA,NA,NA
"11",2010-03-19,1042.54669928958,993,NA,NA,NA
"12",2010-03-26,1011.1951900572,970,NA,NA,NA
"13",2010-04-02,930.661880562,874,NA,NA,NA
"14",2010-04-09,917.216418135135,1010,NA,NA,NA
"15",2010-04-16,994.753360449767,998,NA,NA,NA
"16",2010-04-23,998.333700630305,971,NA,NA,NA
"17",2010-04-30,945.290578401303,994,NA,NA,NA
"18",2010-05-07,959.998252812842,821,NA,NA,NA
"19",2010-05-14,890.429232190325,935,NA,NA,NA
"20",2010-05-21,929.083161779179,930,NA,NA,NA
"21",2010-05-28,949.621107148307,962,NA,NA,NA
"22",2010-06-04,855.843238059959,807,NA,NA,NA
"23",2010-06-11,829.016905296347,931,NA,NA,NA
"24",2010-06-18,945.412592343507,894,NA,NA,NA
"25",2010-06-25,889.604610012215,894,NA,NA,NA
"26",2010-07-02,879.819998153799,924,NA,NA,NA
"27",2010-07-09,889.665149147048,855,NA,NA,NA
"28",2010-07-16,874.214654701406,867,NA,NA,NA
"29",2010-07-23,877.189941035107,837,NA,NA,NA
"30",2010-07-30,863.665901526355,869,NA,NA,NA
"31",2010-08-06,852.048866983082,894,NA,NA,NA
"32",2010-08-13,882.000453541798,893,NA,NA,NA
"33",2010-08-20,873.060273261606,905,NA,NA,NA
"34",2010-08-27,880.263253619418,901,NA,NA,NA
"35",2010-09-03,835.304708134524,784,NA,NA,NA
"36",2010-09-10,823.640612410564,877,NA,NA,NA
"37",2010-09-17,900.446245504722,856,NA,NA,NA
"38",2010-09-24,890.526757457189,920,NA,NA,NA
"39",2010-10-01,895.993430900406,892,NA,NA,NA
"40",2010-10-08,914.229726088752,931,NA,NA,NA
"41",2010-10-15,929.87364718442,988,NA,NA,NA
"42",2010-10-22,923.604189503169,936,NA,NA,NA
"43",2010-10-29,953.418622421067,892,NA,NA,NA
"44",2010-11-05,952.803831767466,943,NA,NA,NA
"45",2010-11-12,942.959961781763,956,NA,NA,NA
"46",2010-11-19,997.088750885431,972,NA,NA,NA
"47",2010-11-26,989.054938973475,919,NA,NA,NA
"48",2010-12-03,1001.14246961848,1016,NA,NA,NA
"49",2010-12-10,1024.57097307122,1114,NA,NA,NA
"50",2010-12-17,1045.5403648037,1121,NA,NA,NA
"51",2010-12-24,1084.99418813875,1159,NA,NA,NA
"52",2010-12-31,941.45778913096,1036,NA,NA,NA
"53",2011-01-07,980.915587129978,1264,NA,NA,NA
"54",2011-01-14,1288.70471086361,1390,NA,NA,NA
"55",2011-01-21,1229.636936566,1193,NA,NA,NA
"56",2011-01-28,1170.84425674145,986,NA,NA,NA
"57",2011-02-04,1131.72870967902,1066,NA,NA,NA
"58",2011-02-11,1097.94089958046,1062,NA,NA,NA
"59",2011-02-18,1062.68877647166,974,NA,NA,NA
"60",2011-02-25,1035.43740496101,961,NA,NA,NA
"61",2011-03-04,1030.75650748928,957,NA,NA,NA
"62",2011-03-11,1042.27057688013,964,NA,NA,NA
"63",2011-03-18,1032.58005614246,1060,NA,NA,NA
"64",2011-03-25,1000.24429528159,943,NA,NA,NA
"65",2011-04-01,919.006535346778,972,NA,NA,NA
"66",2011-04-08,902.944883755357,958,NA,NA,NA
"67",2011-04-15,978.523397533674,915,NA,NA,NA
"68",2011-04-22,981.309382532542,839,NA,NA,NA
"69",2011-04-29,929.476398957438,764,NA,NA,NA
"70",2011-05-06,949.128342143835,1028,NA,NA,NA
"71",2011-05-13,880.705231498342,968,NA,NA,NA
"72",2011-05-20,919.760217938754,921,NA,NA,NA
"73",2011-05-27,940.693589934625,946,NA,NA,NA
"74",2011-06-03,847.434449617549,807,NA,NA,NA
"75",2011-06-10,820.980246237248,895,NA,NA,NA
"76",2011-06-17,938.235577450062,899,NA,NA,NA
"77",2011-06-24,883.074944380969,952,NA,NA,NA
"78",2011-07-01,872.812667217944,867,NA,NA,NA
"79",2011-07-08,883.05172848939,936,NA,NA,NA
"80",2011-07-15,866.467686004541,886,NA,NA,NA
"81",2011-07-22,867.843115832878,884,NA,NA,NA
"82",2011-07-29,851.736865446935,851,NA,NA,NA
"83",2011-08-05,837.643461623168,822,NA,NA,NA
"84",2011-08-12,866.122786970227,913,NA,NA,NA
"85",2011-08-19,855.084851806262,856,NA,NA,NA
"86",2011-08-26,860.730961886631,821,NA,NA,NA
"87",2011-09-02,815.269744250954,813,NA,NA,NA
"88",2011-09-09,802.248097490471,908,NA,NA,NA
"89",2011-09-16,876.782764889894,897,NA,NA,NA
"90",2011-09-23,863.464963641327,819,NA,NA,NA
"91",2011-09-30,866.822367584368,873,NA,NA,NA
"92",2011-10-07,882.772070264922,839,NA,NA,NA
"93",2011-10-14,897.184898186946,862,NA,NA,NA
"94",2011-10-21,891.311142010098,921,NA,NA,NA
"95",2011-10-28,921.219788269647,928,NA,NA,NA
"96",2011-11-04,919.510227858079,945,NA,NA,NA
"97",2011-11-11,907.956277030351,932,NA,NA,NA
"98",2011-11-18,960.183146305809,970,NA,NA,NA
"99",2011-11-25,949.638867888212,907,NA,NA,NA
"100",2011-12-02,958.73795838501,991,NA,NA,NA
"101",2011-12-09,978.874590260381,940,NA,NA,NA
"102",2011-12-16,998.788964378701,1068,NA,NA,NA
"103",2011-12-23,1037.29670860834,1120,NA,NA,NA
"104",2011-12-30,892.662598047171,846,NA,NA,NA
"105",2012-01-06,933.484458707503,1002,NA,NA,NA
"106",2012-01-13,1246.3784533609,1165,NA,NA,NA
"107",2012-01-20,1195.6002963981,1038,NA,NA,NA
"108",2012-01-27,1147.20611732702,1077,NA,NA,NA
"109",2012-02-03,1116.4904619211,1046,NA,NA,NA
"110",2012-02-10,1091.18556019058,1043,NA,NA,NA
"111",2012-02-17,1064.62981969329,1015,NA,NA,NA
"112",2012-02-24,1045.39387429282,1086,NA,NA,NA
"113",2012-03-02,1046.72272621572,1128,NA,NA,NA
"114",2012-03-09,1061.5436755446,1099,NA,NA,NA
"115",2012-03-16,1053.14244409884,985,NA,NA,NA
"116",2012-03-23,1023.76201368225,961,NA,NA,NA
"117",2012-03-30,945.575780468512,935,NA,NA,NA
"118",2012-04-06,933.673926128673,827,NA,NA,NA
"119",2012-04-13,1016.23183225125,972,NA,NA,NA
"120",2012-04-20,1025.66087913695,1136,NA,NA,NA
"121",2012-04-27,976.066266306674,1051,NA,NA,NA
"122",2012-05-04,993.765253681436,1070,NA,NA,NA
"123",2012-05-11,923.435159318879,876,NA,NA,NA
"124",2012-05-18,962.932052740795,1090,NA,NA,NA
"125",2012-05-25,982.113634952853,965,NA,NA,NA
"126",2012-06-01,887.493577437267,945,NA,NA,NA
"127",2012-06-08,857.970949050831,647,NA,NA,NA
"128",2012-06-15,977.126402497508,1116,NA,NA,NA
"129",2012-06-22,920.760724227369,960,NA,NA,NA
"130",2012-06-29,909.810945762333,896,NA,NA,NA
"131",2012-07-06,919.501948262328,927,NA,NA,NA
"132",2012-07-13,903.162229219835,898,NA,NA,NA
"133",2012-07-20,905.212508831648,909,NA,NA,NA
"134",2012-07-27,889.996757065575,896,NA,NA,NA
"135",2012-08-03,876.676344355064,868,NA,NA,NA
"136",2012-08-10,905.80719562044,935,NA,NA,NA
"137",2012-08-17,895.729097554499,909,NA,NA,NA
"138",2012-08-24,902.11963367534,937,NA,NA,NA
"139",2012-08-31,856.1020631242,812,NA,NA,NA
"140",2012-09-07,843.253370932422,954,NA,NA,NA
"141",2012-09-14,917.873914499012,897,NA,NA,NA
"142",2012-09-21,905.358375306567,878,NA,NA,NA
"143",2012-09-28,909.219803884585,902,NA,NA,NA
"144",2012-10-05,925.907103013147,914,NA,NA,NA
"145",2012-10-12,940.501991383133,965,NA,NA,NA
"146",2012-10-19,933.769779809527,883,NA,NA,NA
"147",2012-10-26,964.222692020158,990,NA,NA,NA
"148",2012-11-02,962.726200895337,951,NA,NA,NA
"149",2012-11-09,952.034145152154,951,NA,NA,NA
"150",2012-11-16,1005.56011876569,1000,NA,NA,NA
"151",2012-11-23,996.583027866855,1022,NA,NA,NA
"152",2012-11-30,1006.06281575216,999,NA,NA,NA
"153",2012-12-07,1027.26573724625,958,NA,NA,NA
"154",2012-12-14,1048.77624230088,1014,NA,NA,NA
"155",2012-12-21,1090.6930387222,1085,NA,NA,NA
"156",2012-12-28,951.009087966673,792,NA,NA,NA
"157",2013-01-04,998.739764756876,1268,NA,NA,NA
"158",2013-01-11,1315.04277893196,1325,NA,NA,NA
"159",2013-01-18,1266.08128914875,1072,NA,NA,NA
"160",2013-01-25,1220.13978935891,1158,NA,NA,NA
"161",2013-02-01,1191.7361843254,1149,NA,NA,NA
"162",2013-02-08,1168.25946300947,1172,NA,NA,NA
"163",2013-02-15,1142.62661982707,1174,NA,NA,NA
"164",2013-02-22,1122.90135646164,1074,NA,NA,NA
"165",2013-03-01,1125.30136993383,1093,NA,NA,NA
"166",2013-03-08,1143.1736185891,1198,NA,NA,NA
"167",2013-03-15,1137.52085571879,1223,NA,NA,NA
"168",2013-03-22,1108.21064468772,1121,NA,NA,NA
"169",2013-03-29,1028.7774631688,960,NA,NA,NA
"170",2013-04-05,1016.64335260703,1153,NA,NA,NA
"171",2013-04-12,1094.73199100734,1371,NA,NA,NA
"172",2013-04-19,1094.10415420328,1197,NA,NA,NA
"173",2013-04-26,1034.58242424553,1066,NA,NA,NA
"174",2013-05-03,1043.11295814145,1042,NA,NA,NA
"175",2013-05-10,964.962895425071,870,NA,NA,NA
"176",2013-05-17,997.468422267618,1047,NA,NA,NA
"177",2013-05-24,1011.01041222491,1000,NA,NA,NA
"178",2013-05-31,910.644358455608,846,NA,NA,NA
"179",2013-06-07,877.505318815602,1002,NA,NA,NA
"180",2013-06-14,987.195830460999,909,NA,NA,NA
"181",2013-06-21,925.14961351764,861,NA,NA,NA
"182",2013-06-28,910.321785286769,846,NA,NA,NA
"183",2013-07-05,917.01534742268,894,NA,NA,NA
"184",2013-07-12,898.210160686385,902,NA,NA,NA
"185",2013-07-19,897.638901634481,969,NA,NA,NA
"186",2013-07-26,878.623528354194,852,NA,NA,NA
"187",2013-08-02,862.072311472758,853,NA,NA,NA
"188",2013-08-09,887.979261884791,828,NA,NA,NA
"189",2013-08-16,876.23189481612,849,NA,NA,NA
"190",2013-08-23,881.659290448457,902,NA,NA,NA
"191",2013-08-30,834.93206477103,754,NA,NA,NA
"192",2013-09-06,822.015814199367,895,NA,NA,NA
"193",2013-09-13,897.227152382913,881,NA,NA,NA
"194",2013-09-20,885.221395841565,842,NA,NA,NA
"195",2013-09-27,889.869164046464,930,NA,NA,NA
"196",2013-10-04,906.517288535804,910,NA,NA,NA
"197",2013-10-11,920.804695197284,915,NA,NA,NA
"198",2013-10-18,914.293301308496,937,NA,NA,NA
"199",2013-10-25,943.686037294822,951,NA,NA,NA
"200",2013-11-01,941.45126115934,963,NA,NA,NA
"201",2013-11-08,929.44080284954,963,NA,NA,NA
"202",2013-11-15,981.045271220746,925,NA,NA,NA
"203",2013-11-22,971.026836651222,992,NA,NA,NA
"204",2013-11-29,979.542754529545,986,NA,NA,NA
"205",2013-12-06,999.546096352424,1000,NA,NA,NA
"206",2013-12-13,1018.64152478833,1058,NA,NA,NA
"207",2013-12-20,1056.85077489824,1091,NA,NA,NA
"208",2013-12-27,912.764665101818,616,NA,NA,NA
"209",2014-01-03,958.494822925037,1212,NA,NA,NA
"210",2014-01-10,1273.0719928857,1304,NA,NA,NA
"211",2014-01-17,1222.01905278197,1181,NA,NA,NA
"212",2014-01-24,1171.3176052626,1084,NA,NA,NA
"213",2014-01-31,1138.59300424951,1114,NA,NA,NA
"214",2014-02-07,1110.47897752215,1039,NA,NA,NA
"215",2014-02-14,1081.52021104547,1105,NA,NA,NA
"216",2014-02-21,1058.60664179038,1024,NA,NA,NA
"217",2014-02-28,1057.56913434791,1098,NA,NA,NA
"218",2014-03-07,1070.73584336085,1049,NA,NA,NA
"219",2014-03-14,1061.71233186709,998,NA,NA,NA
"220",2014-03-21,1031.63238652541,1057,NA,NA,NA
"221",2014-03-28,951.210180490067,964,NA,NA,NA
"222",2014-04-04,936.66499587402,1024,NA,NA,NA
"223",2014-04-11,1013.19720687327,1000,NA,NA,NA
"224",2014-04-18,1016.05949887214,862,NA,NA,NA
"225",2014-04-25,964.507674622155,919,NA,NA,NA
"226",2014-05-02,982.349234257723,1081,NA,NA,NA
"227",2014-05-09,911.770909753158,860,NA,NA,NA
"228",2014-05-16,951.095162800172,1002,NA,NA,NA
"229",2014-05-23,971.431937463242,919,NA,NA,NA
"230",2014-05-30,878.582814079805,748,NA,NA,NA
"231",2014-06-06,854.110280332744,997,NA,NA,NA
"232",2014-06-13,972.146597522683,982,NA,NA,NA
"233",2014-06-20,916.911129825609,893,NA,NA,NA
"234",2014-06-27,908.192530387489,927,NA,NA,NA
"235",2014-07-04,919.546040248683,898,NA,NA,NA
"236",2014-07-11,905.375185236756,848,NA,NA,NA
"237",2014-07-18,910.504613095243,927,NA,NA,NA
"238",2014-07-25,898.146459259771,897,NA,NA,NA
"239",2014-08-01,887.808292872782,939,NA,NA,NA
"240",2014-08-08,918.877646792084,954,NA,NA,NA
"241",2014-08-15,910.634675223669,865,NA,NA,NA
"242",2014-08-22,919.887301677904,885,NA,NA,NA
"243",2014-08-29,877.948155715536,824,NA,NA,NA
"244",2014-09-05,869.349545558498,1026,NA,NA,NA
"245",2014-09-12,947.419880755208,963,NA,NA,NA
"246",2014-09-19,937.718591096399,962,NA,NA,NA
"247",2014-09-26,943.493977708089,941,NA,NA,NA
"248",2014-10-03,962.012844496276,969,NA,NA,NA
"249",2014-10-10,978.109896741556,975,NA,NA,NA
"250",2014-10-17,973.361167137537,920,NA,NA,NA
"251",2014-10-24,1005.84273974017,1014,NA,NA,NA
"252",2014-10-31,1006.68209811425,974,NA,NA,NA
"253",2014-11-07,998.691238403228,992,NA,NA,NA
"254",2014-11-14,1055.01703419632,1054,NA,NA,NA
"255",2014-11-21,1048.76056103255,963,NA,NA,NA
"256",2014-11-28,1062.89924330583,1025,NA,NA,NA
"257",2014-12-05,1089.29866355711,1034,NA,NA,NA
"258",2014-12-12,1115.76216445902,1065,NA,NA,NA
"259",2014-12-19,1162.91065637864,1204,NA,NA,NA
"260",2014-12-26,1027.642793895,743,NA,NA,NA
"261",2015-01-02,1081.97986550632,1296,NA,NA,NA
"262",2015-01-09,1405.85233416519,1713,NA,NA,NA
"263",2015-01-16,1359.27906049722,1542,NA,NA,NA
"264",2015-01-23,1309.15658121478,1400,NA,NA,NA
"265",2015-01-30,1273.90487706309,1395,NA,NA,NA
"266",2015-02-06,1240.72381050765,1229,NA,NA,NA
"267",2015-02-13,1205.65622856876,1161,NA,NA,NA
"268",2015-02-20,1177.82173180173,1152,NA,NA,NA
"269",2015-02-27,1171.7101401308,1149,NA,NA,NA
"270",2015-03-06,1180.90356949213,1188,NA,NA,NA
"271",2015-03-13,1167.40411452882,1101,NA,NA,NA
"272",2015-03-20,1132.89515443906,1083,NA,NA,NA
"273",2015-03-27,1049.35606985552,1071,NA,NA,NA
"274",2015-04-03,1031.53964352602,980,NA,NA,NA
"275",2015-04-10,1107.221762837,994,NA,NA,NA
"276",2015-04-17,1110.97779803963,1294,NA,NA,NA
"277",2015-04-24,1054.44301176129,1115,NA,NA,NA
"278",2015-05-01,1065.45247084323,1053,NA,NA,NA
"279",2015-05-08,989.979027146328,949,NA,NA,NA
"280",2015-05-15,1024.22001458777,1057,NA,NA,NA
"281",2015-05-22,1039.78951354049,1018,NA,NA,NA
"282",2015-05-29,941.63889234998,844,NA,NA,NA
"283",2015-06-05,911.29051423025,1042,NA,NA,NA
"284",2015-06-12,1023.66333807132,975,NA,NA,NA
"285",2015-06-19,963.784561848506,943,NA,NA,NA
"286",2015-06-26,950.368145086507,927,NA,NA,NA
"287",2015-07-03,957.759130150697,964,NA,NA,NA
"288",2015-07-10,939.141311466698,941,NA,NA,NA
"289",2015-07-17,938.791088280757,882,NA,NA,NA
"290",2015-07-24,922.230964779294,938,NA,NA,NA
"291",2015-07-31,907.395922848388,917,NA,NA,NA
"292",2015-08-07,934.693442785103,913,NA,NA,NA
"293",2015-08-14,923.669167674508,950,NA,NA,NA
"294",2015-08-21,928.885839047484,969,NA,NA,NA
"295",2015-08-28,881.603157418003,834,NA,NA,NA
"296",2015-09-04,867.550392463232,774,NA,NA,NA
"297",2015-09-11,944.528591394958,932,NA,NA,NA
"298",2015-09-18,934.225214638702,973,NA,NA,NA
"299",2015-09-25,939.145835644884,969,NA,NA,NA
"300",2015-10-02,956.245977125089,957,NA,NA,NA
"301",2015-10-09,971.032972919349,951,NA,NA,NA
"302",2015-10-16,965.269224922062,997,NA,NA,NA
"303",2015-10-23,995.252280440183,1053,NA,NA,NA
"304",2015-10-30,992.728558299242,967,NA,NA,NA
"305",2015-11-06,981.253389588513,1084,NA,NA,NA
"306",2015-11-13,1032.18692950393,1027,NA,NA,NA
"307",2015-11-20,1020.61089870008,1071,NA,NA,NA
"308",2015-11-27,1027.05638088694,990,NA,NA,NA
"309",2015-12-04,1045.74790653122,1087,NA,NA,NA
"310",2015-12-11,1062.82024038039,1006,NA,NA,NA
"311",2015-12-18,1100.68318215372,1101,NA,NA,NA
"312",2015-12-25,956.840600503223,826,NA,NA,NA
"313",2016-01-01,999.921555077713,799,NA,NA,NA
"314",2016-01-08,1319.77202825575,1396,NA,NA,NA
"315",2016-01-15,1273.20262871394,1208,NA,NA,NA
"316",2016-01-22,1227.40633985933,1209,NA,NA,NA
"317",2016-01-29,1198.38549383664,1195,NA,NA,NA
"318",2016-02-05,1173.6054889249,1197,NA,NA,NA
"319",2016-02-12,1146.32671342962,1262,NA,NA,NA
"320",2016-02-19,1123.48582746624,1088,NA,NA,NA
"321",2016-02-26,1122.53633109817,1087,NA,NA,NA
"322",2016-03-04,1137.11546844551,1144,NA,NA,NA
"323",2016-03-11,1129.00541572894,1104,NA,NA,NA
"324",2016-03-18,1099.16411016351,1136,NA,NA,NA
"325",2016-03-25,1018.78060519659,891,NA,NA,NA
"326",2016-04-01,1006.72483596633,942,NA,NA,NA
"327",2016-04-08,1088.39748391573,1232,NA,NA,NA
"328",2016-04-15,1093.66655586107,1183,NA,NA,NA
"329",2016-04-22,1040.27818248298,1134,NA,NA,NA
"330",2016-04-29,1053.85585658239,1065,NA,NA,NA
"331",2016-05-06,980.539242929696,929,NA,NA,NA
"332",2016-05-13,1017.12116793347,1069,NA,NA,NA
"333",2016-05-20,1034.69863386074,1013,NA,NA,NA
"334",2016-05-27,938.554395242258,995,NA,NA,NA
"335",2016-06-03,907.52608012248,776,NA,NA,NA
"336",2016-06-10,1023.79079960323,1011,NA,NA,NA
"337",2016-06-17,967.178514751691,981,NA,NA,NA
"338",2016-06-24,956.425265189006,1015,NA,NA,NA
"339",2016-07-01,965.050819727277,954,NA,NA,NA
"340",2016-07-08,947.969035006104,956,NA,NA,NA
"341",2016-07-15,949.047237896592,943,NA,NA,NA
"342",2016-07-22,933.030868742676,914,NA,NA,NA
"343",2016-07-29,919.346285045031,923,NA,NA,NA
"344",2016-08-05,947.898002233078,983,NA,NA,NA
"345",2016-08-12,937.137748811551,941,NA,NA,NA
"346",2016-08-19,943.010160640882,951,NA,NA,NA
"347",2016-08-26,896.943277068982,1039,NA,NA,NA
"348",2016-09-02,880.79976695567,764,NA,NA,NA
"349",2016-09-09,956.092551900453,974,NA,NA,NA
"350",2016-09-16,943.573137180635,898,NA,NA,NA
"351",2016-09-23,947.748247625052,892,NA,NA,NA
"352",2016-09-30,965.595276799233,971,NA,NA,NA
"353",2016-10-07,981.048079662593,938,NA,NA,NA
"354",2016-10-14,976.351385666174,966,NA,NA,NA
"355",2016-10-21,1008.13515842946,977,NA,NA,NA
"356",2016-10-28,1008.96174365629,966,NA,NA,NA
"357",2016-11-04,1001.13732683554,1013,NA,NA,NA
"358",2016-11-11,1057.30609536636,1045,NA,NA,NA
"359",2016-11-18,1051.08940919836,1117,NA,NA,NA
"360",2016-11-25,1062.62363332048,1090,NA,NA,NA
"361",2016-12-02,1085.28057600934,1076,NA,NA,NA
"362",2016-12-09,1107.19931688971,1164,NA,NA,NA
"363",2016-12-16,1147.92779080871,1098,NA,NA,NA
"364",2016-12-23,1007.8267092186,1149,NA,NA,NA
"365",2016-12-30,1049.90685522572,715,NA,NA,NA
"366",2017-01-06,1371.09242864562,1243,NA,NA,NA
"367",2017-01-13,1329.42026506242,1439,NA,NA,NA
"368",2017-01-20,1285.47404458534,1414,NA,NA,NA
"369",2017-01-27,1255.74163933989,1362,NA,NA,NA
"370",2017-02-03,1228.33853681042,1293,NA,NA,NA
"371",2017-02-10,1197.71721285565,1234,NA,NA,NA
"372",2017-02-17,1172.91787778379,1243,NA,NA,NA
"373",2017-02-24,1168.16945351318,1216,NA,NA,NA
"374",2017-03-03,1177.49623916051,1184,NA,NA,NA
"375",2017-03-10,1164.14047312639,1163,NA,NA,NA
"376",2017-03-17,1128.63739121563,1140,NA,NA,NA
"377",2017-03-24,1043.03621281276,1034,NA,NA,NA
"378",2017-03-31,1023.69257235687,1024,NA,NA,NA
"379",2017-04-07,1096.9435721866,1048,NA,NA,NA
"380",2017-04-14,1097.14785757304,868,NA,NA,NA
"381",2017-04-21,1044.24712224846,978,NA,NA,NA
"382",2017-04-28,1061.10134374582,1125,NA,NA,NA
"383",2017-05-05,990.141551736651,902,NA,NA,NA
"384",2017-05-12,1029.71842551793,1059,NA,NA,NA
"385",2017-05-19,1050.68480234392,1079,NA,NA,NA
"386",2017-05-26,957.057530093712,1088,NA,NA,NA
"387",2017-06-02,927.247397943071,849,NA,NA,NA
"388",2017-06-09,1043.80143623465,1060,NA,NA,NA
"389",2017-06-16,986.973067667019,1016,NA,NA,NA
"390",2017-06-23,975.738641592578,991,NA,NA,NA
"391",2017-06-30,984.638147960686,996,NA,NA,NA
"392",2017-07-07,967.439571029816,985,NA,NA,NA
"393",2017-07-14,968.234844389386,973,NA,NA,NA
"394",2017-07-21,951.747041702889,947,NA,NA,NA
"395",2017-07-28,937.341999263366,941,NA,NA,NA
"396",2017-08-04,965.173182990928,911,NA,NA,NA
"397",2017-08-11,955.2488256646,943,NA,NA,NA
"398",2017-08-18,962.238015195586,936,NA,NA,NA
"399",2017-08-25,917.884640062873,966,NA,NA,NA
"400",2017-09-01,905.09241848198,780,NA,NA,NA
"401",2017-09-08,983.881066608273,1017,NA,NA,NA
"402",2017-09-15,974.592317003788,1001,NA,NA,NA
"403",2017-09-22,980.743174063067,978,NA,NA,NA
"404",2017-09-29,999.641855805001,990,NA,NA,NA
"405",2017-10-06,1016.40863431491,1003,NA,NA,NA
"406",2017-10-13,1012.5091798648,1001,NA,NA,NA
"407",2017-10-20,1045.11037723696,997,NA,NA,NA
"408",2017-10-27,1047.05033418857,1058,NA,NA,NA
"409",2017-11-03,1039.39939392385,1014,NA,NA,NA
"410",2017-11-10,1096.3912684153,1117,NA,NA,NA
"411",2017-11-17,1090.42384888268,1096,NA,NA,NA
"412",2017-11-24,1103.25921435333,1080,NA,NA,NA
"413",2017-12-01,1128.10008254438,1065,NA,NA,NA
"414",2017-12-08,1153.14104185375,1066,NA,NA,NA
"415",2017-12-15,1199.50122399643,1128,NA,NA,NA
"416",2017-12-22,1065.40796332723,1318,NA,NA,NA
"417",2017-12-29,1111.55344828334,844,NA,NA,NA
"418",2018-01-05,1435.6301167879,1313,NA,NA,NA
"419",2018-01-12,1396.753817974,1468,NA,NA,NA
"420",2018-01-19,1356.27177202733,1544,NA,NA,NA
"421",2018-01-26,1328.97140487762,1433,NA,NA,NA
"422",2018-02-02,1304.03921432748,1441,NA,NA,NA
"423",2018-02-09,1274.62833106078,1335,NA,NA,NA
"424",2018-02-16,1250.61946947813,1285,NA,NA,NA
"425",2018-02-23,1247.28394266751,1251,NA,NA,NA
"426",2018-03-02,1258.79272077044,1308,NA,NA,NA
"427",2018-03-09,1246.87445115629,1390,NA,NA,NA
"428",2018-03-16,1210.29372205483,1343,NA,NA,NA
"429",2018-03-23,1121.49938270398,1263,NA,NA,NA
"430",2018-03-30,1096.33811199506,1019,NA,NA,NA
"431",2018-04-06,1165.12515917549,1054,NA,NA,NA
"432",2018-04-13,1161.94956991714,1228,NA,NA,NA
"433",2018-04-20,1100.52245298139,1170,NA,NA,NA
"434",2018-04-27,1106.48405977918,969,NA,NA,NA
"435",2018-05-04,1028.14257299888,1113,NA,NA,NA
"436",2018-05-11,1057.32167608149,823,NA,NA,NA
"437",2018-05-18,1072.48595915584,1105,NA,NA,NA
"438",2018-05-25,972.983390237117,983,NA,NA,NA
"439",2018-06-01,939.406191064492,859,NA,NA,NA
"440",2018-06-08,1052.23079887977,1065,NA,NA,NA
"441",2018-06-15,991.732787576759,967,NA,NA,NA
"442",2018-06-22,977.765969369655,971,NA,NA,NA
"443",2018-06-29,984.317109531388,954,NA,NA,NA
"444",2018-07-06,965.496800236699,998,NA,NA,NA
"445",2018-07-13,964.409827953072,961,NA,NA,NA
"446",2018-07-20,946.182302841227,949,NA,NA,NA
"447",2018-07-27,929.905653806028,897,NA,NA,NA
"448",2018-08-03,956.50268417084,961,NA,NA,NA
"449",2018-08-10,944.321308026487,946,NA,NA,NA
"450",2018-08-17,948.810665452426,910,NA,NA,NA
"451",2018-08-24,902.176650651882,983,NA,NA,NA
"452",2018-08-31,886.533556097615,793,NA,NA,NA
"453",2018-09-07,961.921131903507,1005,NA,NA,NA
"454",2018-09-14,949.057667801528,956,NA,NA,NA
"455",2018-09-21,951.973170609195,947,NA,NA,NA
"456",2018-09-28,967.675376010535,965,NA,NA,NA
"457",2018-10-05,981.124224098671,1020,NA,NA,NA
"458",2018-10-12,972.995309273314,980,NA,NA,NA
"459",2018-10-19,1001.04427419479,979,NA,NA,NA
"460",2018-10-26,997.977560487559,1079,NA,NA,NA
"461",2018-11-02,984.098296075182,890,NA,NA,NA
"462",2018-11-09,1036.05954773802,1081,NA,NA,NA
"463",2018-11-16,1024.63730450841,1047,NA,NA,NA
"464",2018-11-23,1031.72518852903,1001,NA,NA,NA
"465",2018-11-30,1050.94873757016,1076,NA,NA,NA
"466",2018-12-07,1068.83554120317,1098,NA,NA,NA
"467",2018-12-14,1106.0138896837,1034,NA,NA,NA
"468",2018-12-21,962.747733200712,1145,NA,NA,NA
"469",2018-12-28,1000.94663066121,660,NA,NA,NA
"470",2019-01-04,1318.35625338903,1180,NA,NA,NA
"471",2019-01-11,1273.08707933039,1299,NA,NA,NA
"472",2019-01-18,1227.00250129183,1187,NA,NA,NA
"473",2019-01-25,1198.06987502817,1131,NA,NA,NA
"474",2019-02-01,1174.48836769604,1150,NA,NA,NA
"475",2019-02-08,1149.24288313613,1241,NA,NA,NA
"476",2019-02-15,1128.85224423269,1231,NA,NA,NA
"477",2019-02-22,1127.95348170061,1143,NA,NA,NA
"478",2019-03-01,1141.70148805717,1188,NA,NA,NA
"479",2019-03-08,1132.07315834281,1150,NA,NA,NA
"480",2019-03-15,1099.96509189279,1092,NA,NA,NA
"481",2019-03-22,1018.095889395,1062,NA,NA,NA
"482",2019-03-29,1001.56125965549,930,NA,NA,NA
"483",2019-04-05,1078.87423376986,1050,NA,NA,NA
"484",2019-04-12,1082.79060323394,1084,NA,NA,NA
"485",2019-04-19,1029.58588799277,928,NA,NA,NA
"486",2019-04-26,1046.75222801211,1008,NA,NA,NA
"487",2019-05-03,977.894177002649,1136,NA,NA,NA
"488",2019-05-10,1015.27969835283,906,NA,NA,NA
"489",2019-05-17,1036.4704093751,1082,NA,NA,NA
"490",2019-05-24,942.767354426731,1070,NA,NA,NA
"491",2019-05-31,912.946116906939,840,NA,NA,NA
"492",2019-06-07,1029.39662693627,1082,NA,NA,NA
"493",2019-06-14,971.83004619222,950,NA,NA,NA
"494",2019-06-21,960.744051953928,938,NA,NA,NA
"495",2019-06-28,970.454579059829,1013,NA,NA,NA
"496",2019-07-05,953.523366411765,940,NA,NA,NA
"497",2019-07-12,955.12792105083,949,NA,NA,NA
"498",2019-07-19,939.63931028108,962,NA,NA,NA
"499",2019-07-26,925.760861730336,882,NA,NA,NA
"500",2019-08-02,954.945343010723,929,NA,NA,NA
"501",2019-08-09,945.882157160681,953,NA,NA,NA
"502",2019-08-16,953.39487835587,969,NA,NA,NA
"503",2019-08-23,908.835538802034,918,NA,NA,NA
"504",2019-08-30,896.516425410158,826,NA,NA,NA
"505",2019-09-06,974.826700161087,939,NA,NA,NA
"506",2019-09-13,966.26158003227,1001,NA,NA,NA
"507",2019-09-20,972.990827933885,974,NA,NA,NA
"508",2019-09-27,992.402481861273,1027,NA,NA,NA
"509",2019-10-04,1008.91096031113,1008,NA,NA,NA
"510",2019-10-11,1004.53532050483,1027,NA,NA,NA
"511",2019-10-18,1036.06802995273,1093,NA,NA,NA
"512",2019-10-25,1035.10818357389,1019,NA,NA,NA
"513",2019-11-01,1025.02916835987,967,NA,NA,NA
"514",2019-11-08,1080.16183760239,1110,NA,NA,NA
"515",2019-11-15,1072.17430629815,1080,NA,NA,NA
"516",2019-11-22,1082.95034131919,1138,NA,NA,NA
"517",2019-11-29,1104.36663685751,1184,NA,NA,NA
"518",2019-12-06,1123.49459894232,1083,NA,NA,NA
"519",2019-12-13,1163.12854661131,1130,NA,NA,NA
"520",2019-12-20,1021.64005960858,1269,NA,NA,NA
"521",2019-12-27,1060.48153495254,720,NA,NA,NA
"522",2020-01-03,1378.5256270537,1349,NA,NA,NA
"523",2020-01-10,1331.99356184833,1450,NA,NA,NA
"524",2020-01-17,1283.04052803377,1407,NA,NA,NA
"525",2020-01-24,1248.38092183297,1231,NA,NA,NA
"526",2020-01-31,1218.20615398394,1262,NA,NA,NA
"527",2020-02-07,1185.1769721626,1052,NA,NA,NA
"528",2020-02-14,1160.92415216011,1159,NA,NA,NA
"529",2020-02-21,1157.97760522961,1116,NA,NA,NA
"530",2020-02-28,1170.67198962455,1174,NA,NA,NA
"531",2020-03-06,NA,NA,1160.73918858701,1354.72973261308,966.748644560942
"532",2020-03-13,NA,NA,1128.63918858701,1324.10586754004,933.17250963398
"533",2020-03-20,NA,NA,1046.63918858701,1243.57093816113,849.707439012893
"534",2020-03-27,NA,NA,1030.73918858701,1229.12518960452,832.353187569498
"535",2020-04-03,NA,NA,1107.439188587,1307.26885807859,907.609519095419
"536",2020-04-10,NA,NA,1110.23918858701,1311.50217131984,908.976205854191
"537",2020-04-17,NA,NA,1055.93918858701,1258.62534901221,853.253028161812
"538",2020-04-24,NA,NA,1070.23918858701,1274.33860318026,866.139773993768
"539",2020-05-01,NA,NA,997.839188587011,1203.34213855781,792.33623861621
"540",2020-05-08,NA,NA,1034.43918858701,1241.33615293423,827.542224239779
"541",2020-05-15,NA,NA,1052.93918858701,1261.22083747979,844.657539694235
"542",2020-05-22,NA,NA,957.339188587011,1166.99637705163,747.682000122388
"543",2020-05-29,NA,NA,927.839188587009,1138.86295048194,716.815426692082
"544",2020-06-05,NA,NA,1043.33918858701,1255.72073084924,830.957646324778
"545",2020-06-12,NA,NA,985.73918858701,1199.46988573433,772.00849143969
"546",2020-06-19,NA,NA,974.239188587011,1189.31057746167,759.167799712348
"547",2020-06-26,NA,NA,983.139188587011,1199.54296332736,766.735413846661
"548",2020-07-03,NA,NA,966.139188587011,1183.86719581454,748.411181359486
"549",2020-07-10,NA,NA,967.439188587006,1186.48342279705,748.394954376961
"550",2020-07-17,NA,NA,951.539188587009,1171.89178773225,731.186589441772
"551",2020-07-24,NA,NA,937.639188587009,1159.29242984339,715.985947330631
"552",2020-07-31,NA,NA,966.039188587013,1188.98548429263,743.0928928814
"553",2020-08-07,NA,NA,955.73918858701,1179.9710823449,731.507294829117
"554",2020-08-14,NA,NA,962.139188587007,1187.64935152351,736.629025650506
"555",2020-08-21,NA,NA,916.739188587013,1143.5204157577,689.957961416324
"556",2020-08-28,NA,NA,903.739188587007,1131.78439552291,675.693981651102
"557",2020-09-04,NA,NA,980.139188587011,1209.44140797408,750.83696919994
"558",2020-09-11,NA,NA,969.039188587009,1199.59156707232,738.486810101701
"559",2020-09-18,NA,NA,973.839188587004,1205.63498370553,742.04339346848
"560",2020-09-25,NA,NA,991.339188587011,1224.37176580321,758.306611370809
"561",2020-10-02,NA,NA,1006.53918858701,1240.80201844574,772.276358728279
"562",2020-10-09,NA,NA,1000.83918858701,1236.32584396862,765.352533205397
"563",2020-10-16,NA,NA,1031.439188587,1268.14334206179,794.73503511222
"564",2020-10-23,NA,NA,1030.53918858701,1268.45460986443,792.623767309594
"565",2020-10-30,NA,NA,1020.23918858701,1259.35974205535,781.118635118665
"566",2020-11-06,NA,NA,1074.13918858701,1314.45883093944,833.819546234568
"567",2020-11-13,NA,NA,1065.43918858701,1306.95196653012,823.926410643891
"568",2020-11-20,NA,NA,1075.63918858701,1318.3392366282,832.939140545817
"569",2020-11-27,NA,NA,1097.43918858701,1341.3207268973,853.557650276722
"570",2020-12-04,NA,NA,1118.339188587,1363.39652093597,873.281856238044
"571",2020-12-11,NA,NA,1159.03918858701,1405.26670034674,912.811676827287
"572",2020-12-18,NA,NA,1018.03918858701,1265.43134480216,770.647032371855
"573",2020-12-25,NA,NA,1061.68164090962,1309.83779433274,813.525487486502
"574",2021-01-01,NA,NA,1378.59073181873,1627.89299158081,1129.28847205664
"575",2021-01-08,NA,NA,1330.40891363691,1580.8520348505,1079.96579242331
"576",2021-01-15,NA,NA,1281.86345909145,1533.44226822276,1030.28464996014
"577",2021-01-22,NA,NA,1249.77255000054,1502.48194326612,997.06315673497
"578",2021-01-29,NA,NA,1221.86345909145,1475.69840090478,968.028517278118
"579",2021-02-05,NA,NA,1191.86345909145,1446.81898055765,936.907937625249
"580",2021-02-12,NA,NA,1168.31800454599,1424.38920200253,912.246807089456
"581",2021-02-19,NA,NA,1166.04527727327,1423.22731087505,908.863243671486
"582",2021-02-26,NA,NA,1178.68164090963,1436.96973325667,920.393548562594
"583",2021-03-05,NA,NA,1168.74883987209,1430.36785412421,907.129825619972
"584",2021-03-12,NA,NA,1136.64883987209,1399.56313339461,873.734546349567
"585",2021-03-19,NA,NA,1054.64883987209,1318.85206252208,790.445617222097
"586",2021-03-26,NA,NA,1038.74883987209,1304.23473399612,773.262945748054
"587",2021-04-02,NA,NA,1115.44883987208,1382.21123808261,848.686441661552
"588",2021-04-09,NA,NA,1118.24883987209,1386.28166289798,850.216016846201
"589",2021-04-16,NA,NA,1063.94883987209,1333.24609448012,794.651585264054
"590",2021-04-23,NA,NA,1078.24883987209,1348.80461685647,807.693062887714
"591",2021-04-30,NA,NA,1005.84883987209,1277.6573121091,734.040367635083
"592",2021-05-07,NA,NA,1042.44883987208,1315.50426043723,769.393419306932
"593",2021-05-14,NA,NA,1060.94883987209,1335.24554021719,786.652139526996
"594",2021-05-21,NA,NA,965.348839872089,1240.88122805976,689.816451684416
"595",2021-05-28,NA,NA,935.848839872087,1212.61139886553,659.086280878645
"596",2021-06-04,NA,NA,1051.34883987209,1329.33612587775,773.361553866423
"597",2021-06-11,NA,NA,993.748839872088,1272.95548073328,714.542199010898
"598",2021-06-18,NA,NA,982.248839872088,1262.66953351146,701.828146232718
"599",2021-06-25,NA,NA,991.148839872089,1272.77835278113,709.519326963052
"600",2021-07-02,NA,NA,974.148839872089,1256.9820056458,691.315674098383
"601",2021-07-09,NA,NA,975.448839872083,1259.48055778713,691.417121957036
"602",2021-07-16,NA,NA,959.548839872087,1244.77407350679,674.323606237388
"603",2021-07-23,NA,NA,945.648839872087,1232.06261576662,659.235063977553
"604",2021-07-30,NA,NA,974.048839872091,1261.6462462275,686.451433516679
"605",2021-08-06,NA,NA,963.748839872088,1252.5250252866,674.972654457578
"606",2021-08-13,NA,NA,970.148839872084,1260.09901211337,680.198667630798
"607",2021-08-20,NA,NA,924.748839872091,1215.86826468422,633.629415059959
"608",2021-08-27,NA,NA,911.748839872085,1204.03283981588,619.464839928293
"609",2021-09-03,NA,NA,988.148839872089,1281.59279319766,694.70488654652
"610",2021-09-10,NA,NA,977.048839872087,1271.64817942249,682.449500321683
"611",2021-09-17,NA,NA,981.848839872081,1277.59905201694,686.098627727221
"612",2021-09-24,NA,NA,999.348839872089,1296.24546347014,702.452216274033
"613",2021-10-01,NA,NA,1014.54883987209,1312.58746526169,716.510214482492
"614",2021-10-08,NA,NA,1008.84883987209,1308.02510788865,709.672571855526
"615",2021-10-15,NA,NA,1039.44883987208,1339.75844089162,739.139238852546
"616",2021-10-22,NA,NA,1038.54883987209,1339.9875128799,737.110166864281
"617",2021-10-29,NA,NA,1028.24883987209,1330.81237155577,725.685308188403
"618",2021-11-05,NA,NA,1082.14883987208,1385.83306373809,778.464616006075
"619",2021-11-12,NA,NA,1073.44883987208,1378.24963538498,768.648044359184
"620",2021-11-19,NA,NA,1083.64883987209,1389.56213161583,777.735548128344
"621",2021-11-26,NA,NA,1105.44883987209,1412.47059673256,798.427083011624
"622",2021-12-03,NA,NA,1126.34883987208,1434.47507424021,818.222605503953
"623",2021-12-10,NA,NA,1167.04883987209,1476.27560686692,857.822072877253
"624",2021-12-17,NA,NA,1026.04883987208,1336.37223658312,715.72544316105
"625",2021-12-24,NA,NA,1069.6912921947,1380.90676743519,758.475816954209
"626",2021-12-31,NA,NA,1386.6003831038,1698.88268430472,1074.31808190288
"627",2022-01-07,NA,NA,1338.41856492199,1651.76405995506,1025.07306988892
"628",2022-01-14,NA,NA,1289.87311037653,1604.27820396074,975.468016792315
"629",2022-01-21,NA,NA,1257.78220128562,1573.24333436841,942.321068202835
"630",2022-01-28,NA,NA,1229.87311037653,1546.38675952938,913.359461223679
"631",2022-02-04,NA,NA,1199.87311037653,1517.43578720463,882.310433548423
"632",2022-02-11,NA,NA,1176.32765583107,1494.93590639657,857.719405265572
"633",2022-02-18,NA,NA,1174.05492855835,1493.70533281679,854.404524299905
"634",2022-02-25,NA,NA,1186.69129219471,1507.38046344432,866.002120945098
