"","Week.ended","signal","Yorkshire.and.The.Humber","fit","upr","lwr"
"1",2010-01-08,965.098612927005,1317,NA,NA,NA
"2",2010-01-15,1195.79174356142,1163,NA,NA,NA
"3",2010-01-22,1174.46845290364,1133,NA,NA,NA
"4",2010-01-29,1128.1831235335,1031,NA,NA,NA
"5",2010-02-05,1052.63426009972,987,NA,NA,NA
"6",2010-02-12,1024.05393624333,941,NA,NA,NA
"7",2010-02-19,1008.00726626486,960,NA,NA,NA
"8",2010-02-26,1013.63110515299,1040,NA,NA,NA
"9",2010-03-05,989.173483350243,952,NA,NA,NA
"10",2010-03-12,983.000539864512,984,NA,NA,NA
"11",2010-03-19,981.428811690756,965,NA,NA,NA
"12",2010-03-26,981.78498293249,965,NA,NA,NA
"13",2010-04-02,895.298081518029,768,NA,NA,NA
"14",2010-04-09,887.176538066247,937,NA,NA,NA
"15",2010-04-16,950.198680925518,995,NA,NA,NA
"16",2010-04-23,930.601224825068,880,NA,NA,NA
"17",2010-04-30,924.681254977964,964,NA,NA,NA
"18",2010-05-07,932.590934937678,870,NA,NA,NA
"19",2010-05-14,874.704489709896,944,NA,NA,NA
"20",2010-05-21,923.73165510767,896,NA,NA,NA
"21",2010-05-28,906.913742423356,983,NA,NA,NA
"22",2010-06-04,846.224579996702,827,NA,NA,NA
"23",2010-06-11,816.858756575454,902,NA,NA,NA
"24",2010-06-18,903.57518505984,834,NA,NA,NA
"25",2010-06-25,843.985616334191,863,NA,NA,NA
"26",2010-07-02,857.778430649548,851,NA,NA,NA
"27",2010-07-09,857.855770044505,814,NA,NA,NA
"28",2010-07-16,831.026968295159,829,NA,NA,NA
"29",2010-07-23,866.853345466331,857,NA,NA,NA
"30",2010-07-30,830.84795424605,858,NA,NA,NA
"31",2010-08-06,843.80341945947,849,NA,NA,NA
"32",2010-08-13,846.017421333134,844,NA,NA,NA
"33",2010-08-20,841.686342236205,850,NA,NA,NA
"34",2010-08-27,857.828945509131,895,NA,NA,NA
"35",2010-09-03,819.059663857119,788,NA,NA,NA
"36",2010-09-10,829.835900473583,866,NA,NA,NA
"37",2010-09-17,888.827663885408,830,NA,NA,NA
"38",2010-09-24,868.320856879198,907,NA,NA,NA
"39",2010-10-01,894.361111171918,885,NA,NA,NA
"40",2010-10-08,872.556197279477,853,NA,NA,NA
"41",2010-10-15,905.083649807276,907,NA,NA,NA
"42",2010-10-22,931.458934703649,1002,NA,NA,NA
"43",2010-10-29,935.913923241996,917,NA,NA,NA
"44",2010-11-05,923.783793966565,923,NA,NA,NA
"45",2010-11-12,954.275001435803,916,NA,NA,NA
"46",2010-11-19,964.808145903746,940,NA,NA,NA
"47",2010-11-26,966.816627383226,960,NA,NA,NA
"48",2010-12-03,976.810673748678,888,NA,NA,NA
"49",2010-12-10,1026.62235887016,1220,NA,NA,NA
"50",2010-12-17,1049.36984251661,1097,NA,NA,NA
"51",2010-12-24,1068.82071946225,1098,NA,NA,NA
"52",2010-12-31,964.777266666598,976,NA,NA,NA
"53",2011-01-07,1001.71844295976,1351,NA,NA,NA
"54",2011-01-14,1229.43392921372,1268,NA,NA,NA
"55",2011-01-21,1203.19046395664,1095,NA,NA,NA
"56",2011-01-28,1153.80129256291,1091,NA,NA,NA
"57",2011-02-04,1074.21263150981,972,NA,NA,NA
"58",2011-02-11,1042.58826070932,997,NA,NA,NA
"59",2011-02-18,1022.47763857301,992,NA,NA,NA
"60",2011-02-25,1023.5603269498,941,NA,NA,NA
"61",2011-03-04,997.526868343676,864,NA,NA,NA
"62",2011-03-11,992.401057434285,970,NA,NA,NA
"63",2011-03-18,992.513479841571,969,NA,NA,NA
"64",2011-03-25,994.746663260512,1023,NA,NA,NA
"65",2011-04-01,908.910723340947,937,NA,NA,NA
"66",2011-04-08,897.21012619029,946,NA,NA,NA
"67",2011-04-15,956.681352089218,950,NA,NA,NA
"68",2011-04-22,934.934460357368,841,NA,NA,NA
"69",2011-04-29,928.044689096522,841,NA,NA,NA
"70",2011-05-06,938.42448226959,1009,NA,NA,NA
"71",2011-05-13,879.383041207062,985,NA,NA,NA
"72",2011-05-20,926.266454150325,879,NA,NA,NA
"73",2011-05-27,907.836572920605,890,NA,NA,NA
"74",2011-06-03,848.092245826973,826,NA,NA,NA
"75",2011-06-10,819.749322455044,899,NA,NA,NA
"76",2011-06-17,907.649006267734,889,NA,NA,NA
"77",2011-06-24,847.856360593563,853,NA,NA,NA
"78",2011-07-01,861.823692763823,872,NA,NA,NA
"79",2011-07-08,861.614001534425,850,NA,NA,NA
"80",2011-07-15,833.620471178909,851,NA,NA,NA
"81",2011-07-22,867.753828519818,847,NA,NA,NA
"82",2011-07-29,830.352154665122,851,NA,NA,NA
"83",2011-08-05,842.088397121576,861,NA,NA,NA
"84",2011-08-12,842.709820557657,819,NA,NA,NA
"85",2011-08-19,837.376681964868,819,NA,NA,NA
"86",2011-08-26,853.243800566966,873,NA,NA,NA
"87",2011-09-02,814.673108212283,765,NA,NA,NA
"88",2011-09-09,826.154636558978,890,NA,NA,NA
"89",2011-09-16,885.09814155181,902,NA,NA,NA
"90",2011-09-23,862.48153757002,877,NA,NA,NA
"91",2011-09-30,887.069706348458,912,NA,NA,NA
"92",2011-10-07,862.879212961785,895,NA,NA,NA
"93",2011-10-14,891.614314998042,860,NA,NA,NA
"94",2011-10-21,915.110034232203,881,NA,NA,NA
"95",2011-10-28,919.534310105422,935,NA,NA,NA
"96",2011-11-04,906.437572943843,1039,NA,NA,NA
"97",2011-11-11,932.332169754667,855,NA,NA,NA
"98",2011-11-18,939.33193301447,910,NA,NA,NA
"99",2011-11-25,937.930181580736,907,NA,NA,NA
"100",2011-12-02,945.170423598512,949,NA,NA,NA
"101",2011-12-09,989.706415395712,1013,NA,NA,NA
"102",2011-12-16,1011.80830015905,1029,NA,NA,NA
"103",2011-12-23,1031.44218577248,1080,NA,NA,NA
"104",2011-12-30,927.054211651823,891,NA,NA,NA
"105",2012-01-06,964.937858032596,1069,NA,NA,NA
"106",2012-01-13,1200.27127281386,1150,NA,NA,NA
"107",2012-01-20,1184.06410085721,1093,NA,NA,NA
"108",2012-01-27,1144.24500223623,1074,NA,NA,NA
"109",2012-02-03,1074.42904952022,1010,NA,NA,NA
"110",2012-02-10,1051.54882766971,1039,NA,NA,NA
"111",2012-02-17,1039.28294216701,1037,NA,NA,NA
"112",2012-02-24,1047.44284016892,1086,NA,NA,NA
"113",2012-03-02,1025.18948378274,1085,NA,NA,NA
"114",2012-03-09,1018.58066949828,1006,NA,NA,NA
"115",2012-03-16,1016.94275410467,1031,NA,NA,NA
"116",2012-03-23,1016.40283479144,985,NA,NA,NA
"117",2012-03-30,929.417775679529,892,NA,NA,NA
"118",2012-04-06,918.351317832861,827,NA,NA,NA
"119",2012-04-13,982.271661145169,969,NA,NA,NA
"120",2012-04-20,965.153290787006,1034,NA,NA,NA
"121",2012-04-27,958.460748492143,1024,NA,NA,NA
"122",2012-05-04,964.884071162626,964,NA,NA,NA
"123",2012-05-11,903.831460362675,820,NA,NA,NA
"124",2012-05-18,953.860942232366,1012,NA,NA,NA
"125",2012-05-25,935.707740024059,933,NA,NA,NA
"126",2012-06-01,875.828248969457,978,NA,NA,NA
"127",2012-06-08,843.967398708394,714,NA,NA,NA
"128",2012-06-15,934.044571602376,1000,NA,NA,NA
"129",2012-06-22,874.126280132287,861,NA,NA,NA
"130",2012-06-29,888.465317373163,894,NA,NA,NA
"131",2012-07-06,888.753687327594,923,NA,NA,NA
"132",2012-07-13,860.009790818173,828,NA,NA,NA
"133",2012-07-20,894.737277303475,889,NA,NA,NA
"134",2012-07-27,857.520946186426,937,NA,NA,NA
"135",2012-08-03,867.841005306254,844,NA,NA,NA
"136",2012-08-10,868.210073559532,871,NA,NA,NA
"137",2012-08-17,861.903193348465,872,NA,NA,NA
"138",2012-08-24,876.021453933627,917,NA,NA,NA
"139",2012-08-31,835.124180575018,793,NA,NA,NA
"140",2012-09-07,844.073628069042,853,NA,NA,NA
"141",2012-09-14,901.980078389192,940,NA,NA,NA
"142",2012-09-21,877.751535592995,882,NA,NA,NA
"143",2012-09-28,901.007339443774,891,NA,NA,NA
"144",2012-10-05,876.435566987142,858,NA,NA,NA
"145",2012-10-12,906.165654716405,940,NA,NA,NA
"146",2012-10-19,928.87469071856,901,NA,NA,NA
"147",2012-10-26,932.342542409735,948,NA,NA,NA
"148",2012-11-02,918.284160691199,928,NA,NA,NA
"149",2012-11-09,946.561290610293,928,NA,NA,NA
"150",2012-11-16,954.343703212734,954,NA,NA,NA
"151",2012-11-23,952.935472237919,1017,NA,NA,NA
"152",2012-11-30,957.583251732716,929,NA,NA,NA
"153",2012-12-07,1000.40913564048,897,NA,NA,NA
"154",2012-12-14,1024.25006332056,1017,NA,NA,NA
"155",2012-12-21,1046.28835504855,977,NA,NA,NA
"156",2012-12-28,947.512841368193,845,NA,NA,NA
"157",2013-01-04,992.818110895651,1138,NA,NA,NA
"158",2013-01-11,1234.45377104929,1213,NA,NA,NA
"159",2013-01-18,1223.76436320642,1155,NA,NA,NA
"160",2013-01-25,1188.85597655427,1163,NA,NA,NA
"161",2013-02-01,1122.7423604587,1121,NA,NA,NA
"162",2013-02-08,1101.85799376008,1102,NA,NA,NA
"163",2013-02-15,1091.24248858501,1126,NA,NA,NA
"164",2013-02-22,1100.04443725842,1102,NA,NA,NA
"165",2013-03-01,1079.42951447747,1056,NA,NA,NA
"166",2013-03-08,1076.72512633907,1088,NA,NA,NA
"167",2013-03-15,1078.34223220297,1067,NA,NA,NA
"168",2013-03-22,1081.74876863413,1152,NA,NA,NA
"169",2013-03-29,995.942898679441,927,NA,NA,NA
"170",2013-04-05,986.913819168562,1113,NA,NA,NA
"171",2013-04-12,1046.95237252758,1147,NA,NA,NA
"172",2013-04-19,1022.86739039906,1139,NA,NA,NA
"173",2013-04-26,1007.92100113377,1085,NA,NA,NA
"174",2013-05-03,1005.77633733604,966,NA,NA,NA
"175",2013-05-10,937.214480487726,895,NA,NA,NA
"176",2013-05-17,978.601802671446,995,NA,NA,NA
"177",2013-05-24,952.942726739746,978,NA,NA,NA
"178",2013-05-31,884.801531954561,779,NA,NA,NA
"179",2013-06-07,850.340507686096,917,NA,NA,NA
"180",2013-06-14,932.464852751372,874,NA,NA,NA
"181",2013-06-21,867.980750812602,850,NA,NA,NA
"182",2013-06-28,877.886127876662,817,NA,NA,NA
"183",2013-07-05,875.548970831317,868,NA,NA,NA
"184",2013-07-12,845.317314810562,861,NA,NA,NA
"185",2013-07-19,877.258738624559,902,NA,NA,NA
"186",2013-07-26,836.426646183702,789,NA,NA,NA
"187",2013-08-02,846.585620379799,851,NA,NA,NA
"188",2013-08-09,846.024424614298,855,NA,NA,NA
"189",2013-08-16,838.618892239309,819,NA,NA,NA
"190",2013-08-23,852.44743299119,854,NA,NA,NA
"191",2013-08-30,812.33370915917,790,NA,NA,NA
"192",2013-09-06,821.527962257736,874,NA,NA,NA
"193",2013-09-13,878.493801104967,833,NA,NA,NA
"194",2013-09-20,855.598089927492,875,NA,NA,NA
"195",2013-09-27,879.774212396225,935,NA,NA,NA
"196",2013-10-04,854.346956962196,862,NA,NA,NA
"197",2013-10-11,882.511367409423,933,NA,NA,NA
"198",2013-10-18,903.201356632972,865,NA,NA,NA
"199",2013-10-25,904.931278067706,876,NA,NA,NA
"200",2013-11-01,890.348778023874,875,NA,NA,NA
"201",2013-11-08,918.784108394354,950,NA,NA,NA
"202",2013-11-15,925.369667603732,954,NA,NA,NA
"203",2013-11-22,921.975840751982,898,NA,NA,NA
"204",2013-11-29,927.034693576712,932,NA,NA,NA
"205",2013-12-06,969.358378895804,974,NA,NA,NA
"206",2013-12-13,989.755708197105,1038,NA,NA,NA
"207",2013-12-20,1006.83971259391,1052,NA,NA,NA
"208",2013-12-27,899.994346055222,689,NA,NA,NA
"209",2014-01-03,940.182888502747,1139,NA,NA,NA
"210",2014-01-10,1175.24174265945,1151,NA,NA,NA
"211",2014-01-17,1158.05142406884,1077,NA,NA,NA
"212",2014-01-24,1116.97660982604,1058,NA,NA,NA
"213",2014-01-31,1045.59818892053,1020,NA,NA,NA
"214",2014-02-07,1020.09843006715,976,NA,NA,NA
"215",2014-02-14,1006.07186312784,999,NA,NA,NA
"216",2014-02-21,1012.60144556501,1016,NA,NA,NA
"217",2014-02-28,989.674874865841,983,NA,NA,NA
"218",2014-03-07,984.20273748312,962,NA,NA,NA
"219",2014-03-14,983.96343467411,1000,NA,NA,NA
"220",2014-03-21,984.768246140914,959,NA,NA,NA
"221",2014-03-28,898.974530841909,896,NA,NA,NA
"222",2014-04-04,888.161789380175,940,NA,NA,NA
"223",2014-04-11,948.437887955934,921,NA,NA,NA
"224",2014-04-18,928.060911405768,775,NA,NA,NA
"225",2014-04-25,924.150618609117,919,NA,NA,NA
"226",2014-05-02,935.280537958618,1049,NA,NA,NA
"227",2014-05-09,875.814741814227,835,NA,NA,NA
"228",2014-05-16,926.260020470451,960,NA,NA,NA
"229",2014-05-23,909.186816260875,898,NA,NA,NA
"230",2014-05-30,850.618143921255,791,NA,NA,NA
"231",2014-06-06,824.472419919068,925,NA,NA,NA
"232",2014-06-13,913.990094972478,888,NA,NA,NA
"233",2014-06-20,856.015282515391,826,NA,NA,NA
"234",2014-06-27,872.757557771071,904,NA,NA,NA
"235",2014-07-04,874.749339094235,906,NA,NA,NA
"236",2014-07-11,847.790402752863,829,NA,NA,NA
"237",2014-07-18,883.942986074828,905,NA,NA,NA
"238",2014-07-25,847.422347161191,806,NA,NA,NA
"239",2014-08-01,861.729323517606,870,NA,NA,NA
"240",2014-08-08,865.211152297063,854,NA,NA,NA
"241",2014-08-15,862.398175431533,862,NA,NA,NA
"242",2014-08-22,880.296037852708,877,NA,NA,NA
"243",2014-08-29,844.383626300246,831,NA,NA,NA
"244",2014-09-05,857.535549036374,1003,NA,NA,NA
"245",2014-09-12,915.92758182426,899,NA,NA,NA
"246",2014-09-19,893.680423838516,901,NA,NA,NA
"247",2014-09-26,918.834009499247,897,NA,NA,NA
"248",2014-10-03,896.481969071774,888,NA,NA,NA
"249",2014-10-10,928.160828110424,891,NA,NA,NA
"250",2014-10-17,954.751293687505,979,NA,NA,NA
"251",2014-10-24,960.681651535518,937,NA,NA,NA
"252",2014-10-31,950.156680526571,940,NA,NA,NA
"253",2014-11-07,982.508198631339,960,NA,NA,NA
"254",2014-11-14,994.472443687077,948,NA,NA,NA
"255",2014-11-21,998.501779707708,949,NA,NA,NA
"256",2014-11-28,1011.67867245843,982,NA,NA,NA
"257",2014-12-05,1063.06348959182,1018,NA,NA,NA
"258",2014-12-12,1093.87504259288,1069,NA,NA,NA
"259",2014-12-19,1123.36375369321,1176,NA,NA,NA
"260",2014-12-26,1028.71958039269,833,NA,NA,NA
"261",2015-01-02,1080.69350045738,1261,NA,NA,NA
"262",2015-01-09,1328.0416353205,1607,NA,NA,NA
"263",2015-01-16,1314.88676600597,1442,NA,NA,NA
"264",2015-01-23,1272.18066162915,1386,NA,NA,NA
"265",2015-01-30,1194.46703197701,1220,NA,NA,NA
"266",2015-02-06,1161.24015210508,1151,NA,NA,NA
"267",2015-02-13,1138.56476091541,1128,NA,NA,NA
"268",2015-02-20,1136.54060412641,1068,NA,NA,NA
"269",2015-02-27,1107.01864999856,1113,NA,NA,NA
"270",2015-03-06,1094.60659650373,1106,NA,NA,NA
"271",2015-03-13,1086.51281034585,1040,NA,NA,NA
"272",2015-03-20,1081.16588193376,982,NA,NA,NA
"273",2015-03-27,991.21848578867,1032,NA,NA,NA
"274",2015-04-03,975.060919377716,841,NA,NA,NA
"275",2015-04-10,1035.05281153606,1023,NA,NA,NA
"276",2015-04-17,1013.97281002508,1103,NA,NA,NA
"277",2015-04-24,1002.76927566902,1009,NA,NA,NA
"278",2015-05-01,1006.29612610811,950,NA,NA,NA
"279",2015-05-08,943.855491621659,895,NA,NA,NA
"280",2015-05-15,991.54482035927,1038,NA,NA,NA
"281",2015-05-22,971.369528100587,989,NA,NA,NA
"282",2015-05-29,908.914292268094,866,NA,NA,NA
"283",2015-06-05,878.427286016525,1024,NA,NA,NA
"284",2015-06-12,962.37744263861,953,NA,NA,NA
"285",2015-06-19,898.382875657086,896,NA,NA,NA
"286",2015-06-26,908.353176244923,916,NA,NA,NA
"287",2015-07-03,904.21531201776,868,NA,NA,NA
"288",2015-07-10,872.96331512163,851,NA,NA,NA
"289",2015-07-17,904.909212145315,855,NA,NA,NA
"290",2015-07-24,866.11375718362,846,NA,NA,NA
"291",2015-07-31,877.565846755076,846,NA,NA,NA
"292",2015-08-07,879.277234103033,953,NA,NA,NA
"293",2015-08-14,872.38171159983,888,NA,NA,NA
"294",2015-08-21,885.761021965863,915,NA,NA,NA
"295",2015-08-28,844.444377482122,896,NA,NA,NA
"296",2015-09-04,850.424265759255,772,NA,NA,NA
"297",2015-09-11,907.739049948224,931,NA,NA,NA
"298",2015-09-18,883.320615493822,852,NA,NA,NA
"299",2015-09-25,907.354803035007,922,NA,NA,NA
"300",2015-10-02,882.890313319536,908,NA,NA,NA
"301",2015-10-09,911.542277932033,915,NA,NA,NA
"302",2015-10-16,934.000115087481,895,NA,NA,NA
"303",2015-10-23,937.519628567914,951,NA,NA,NA
"304",2015-10-30,923.572174126093,886,NA,NA,NA
"305",2015-11-06,953.247524044166,1014,NA,NA,NA
"306",2015-11-13,960.269046396295,960,NA,NA,NA
"307",2015-11-20,958.097892834229,937,NA,NA,NA
"308",2015-11-27,964.301074329354,994,NA,NA,NA
"309",2015-12-04,1007.09578010097,1012,NA,NA,NA
"310",2015-12-11,1027.95698128812,1050,NA,NA,NA
"311",2015-12-18,1046.21811883327,1060,NA,NA,NA
"312",2015-12-25,941.404080640704,891,NA,NA,NA
"313",2016-01-01,979.252300673018,755,NA,NA,NA
"314",2016-01-08,1223.48779275476,1284,NA,NA,NA
"315",2016-01-15,1213.16690704989,1148,NA,NA,NA
"316",2016-01-22,1178.5291111829,1119,NA,NA,NA
"317",2016-01-29,1113.60274906037,1131,NA,NA,NA
"318",2016-02-05,1093.38461037766,1109,NA,NA,NA
"319",2016-02-12,1083.01411074857,1066,NA,NA,NA
"320",2016-02-19,1093.47041223358,1083,NA,NA,NA
"321",2016-02-26,1074.84810699542,1115,NA,NA,NA
"322",2016-03-04,1072.40549855786,1107,NA,NA,NA
"323",2016-03-11,1073.64956813125,1097,NA,NA,NA
"324",2016-03-18,1075.73865105637,1102,NA,NA,NA
"325",2016-03-25,989.812837310728,937,NA,NA,NA
"326",2016-04-01,980.224715195026,968,NA,NA,NA
"327",2016-04-08,1043.46937903837,1128,NA,NA,NA
"328",2016-04-15,1023.01291738991,1105,NA,NA,NA
"329",2016-04-22,1012.62457144144,1008,NA,NA,NA
"330",2016-04-29,1017.26211737821,1014,NA,NA,NA
"331",2016-05-06,954.488465944966,941,NA,NA,NA
"332",2016-05-13,1000.88200278596,1055,NA,NA,NA
"333",2016-05-20,979.20231842572,927,NA,NA,NA
"334",2016-05-27,917.14370591251,936,NA,NA,NA
"335",2016-06-03,885.371780016384,814,NA,NA,NA
"336",2016-06-10,973.942764517974,1038,NA,NA,NA
"337",2016-06-17,912.569958002466,923,NA,NA,NA
"338",2016-06-24,924.81322082079,925,NA,NA,NA
"339",2016-07-01,923.15139906354,936,NA,NA,NA
"340",2016-07-08,893.039807686561,910,NA,NA,NA
"341",2016-07-15,925.066519347763,948,NA,NA,NA
"342",2016-07-22,884.368926865163,877,NA,NA,NA
"343",2016-07-29,893.571934180173,910,NA,NA,NA
"344",2016-08-05,891.727730288057,879,NA,NA,NA
"345",2016-08-12,883.63000562779,886,NA,NA,NA
"346",2016-08-19,896.16776405752,887,NA,NA,NA
"347",2016-08-26,855.05509093163,860,NA,NA,NA
"348",2016-09-02,862.50780556484,800,NA,NA,NA
"349",2016-09-09,920.862132030387,942,NA,NA,NA
"350",2016-09-16,897.541035220028,914,NA,NA,NA
"351",2016-09-23,921.371886059019,890,NA,NA,NA
"352",2016-09-30,897.956754600895,856,NA,NA,NA
"353",2016-10-07,929.483786260314,907,NA,NA,NA
"354",2016-10-14,955.522880307633,940,NA,NA,NA
"355",2016-10-21,961.984544249451,919,NA,NA,NA
"356",2016-10-28,952.516350199004,914,NA,NA,NA
"357",2016-11-04,986.6966632373,1041,NA,NA,NA
"358",2016-11-11,998.398709688959,1017,NA,NA,NA
"359",2016-11-18,1000.39438456984,1025,NA,NA,NA
"360",2016-11-25,1009.52023580263,1022,NA,NA,NA
"361",2016-12-02,1055.70635803308,973,NA,NA,NA
"362",2016-12-09,1082.34394495927,1193,NA,NA,NA
"363",2016-12-16,1103.96920965028,1036,NA,NA,NA
"364",2016-12-23,1004.74475864305,1097,NA,NA,NA
"365",2016-12-30,1044.29903822587,794,NA,NA,NA
"366",2017-01-06,1290.94964429401,1208,NA,NA,NA
"367",2017-01-13,1286.94924698217,1351,NA,NA,NA
"368",2017-01-20,1255.11432603049,1383,NA,NA,NA
"369",2017-01-27,1187.88896053642,1242,NA,NA,NA
"370",2017-02-03,1164.37238142952,1243,NA,NA,NA
"371",2017-02-10,1148.98809793408,1224,NA,NA,NA
"372",2017-02-17,1151.92544758416,1186,NA,NA,NA
"373",2017-02-24,1124.57157013136,1159,NA,NA,NA
"374",2017-03-03,1113.55319582217,1123,NA,NA,NA
"375",2017-03-10,1106.90607993486,1110,NA,NA,NA
"376",2017-03-17,1101.65540805432,1121,NA,NA,NA
"377",2017-03-24,1008.57813015636,1065,NA,NA,NA
"378",2017-03-31,988.864914138971,1045,NA,NA,NA
"379",2017-04-07,1040.12356694746,929,NA,NA,NA
"380",2017-04-14,1013.00726878239,795,NA,NA,NA
"381",2017-04-21,1004.1256494105,1010,NA,NA,NA
"382",2017-04-28,1009.98411617858,1053,NA,NA,NA
"383",2017-05-05,947.171587800888,872,NA,NA,NA
"384",2017-05-12,995.2054096686,1053,NA,NA,NA
"385",2017-05-19,975.065924685053,1030,NA,NA,NA
"386",2017-05-26,911.631002904299,936,NA,NA,NA
"387",2017-06-02,878.332698791924,818,NA,NA,NA
"388",2017-06-09,965.076794908018,950,NA,NA,NA
"389",2017-06-16,904.031317408105,918,NA,NA,NA
"390",2017-06-23,916.505578989323,901,NA,NA,NA
"391",2017-06-30,915.501939481822,914,NA,NA,NA
"392",2017-07-07,886.439186355956,904,NA,NA,NA
"393",2017-07-14,919.498385920446,953,NA,NA,NA
"394",2017-07-21,879.545591496271,856,NA,NA,NA
"395",2017-07-28,889.933764335739,881,NA,NA,NA
"396",2017-08-04,889.965135588007,891,NA,NA,NA
"397",2017-08-11,883.368335358128,882,NA,NA,NA
"398",2017-08-18,897.508784486389,849,NA,NA,NA
"399",2017-08-25,859.06975864202,848,NA,NA,NA
"400",2017-09-01,869.632078079503,836,NA,NA,NA
"401",2017-09-08,930.309943047489,921,NA,NA,NA
"402",2017-09-15,910.141246911693,877,NA,NA,NA
"403",2017-09-22,938.474734709149,919,NA,NA,NA
"404",2017-09-29,919.238371321036,957,NA,NA,NA
"405",2017-10-06,952.77404616738,946,NA,NA,NA
"406",2017-10-13,980.394126737253,1011,NA,NA,NA
"407",2017-10-20,987.181042302973,1019,NA,NA,NA
"408",2017-10-27,976.001769807538,903,NA,NA,NA
"409",2017-11-03,1009.40977992686,1006,NA,NA,NA
"410",2017-11-10,1021.91061240358,1042,NA,NA,NA
"411",2017-11-17,1024.66456374556,1027,NA,NA,NA
"412",2017-11-24,1035.15493893208,1089,NA,NA,NA
"413",2017-12-01,1081.57952289143,1045,NA,NA,NA
"414",2017-12-08,1107.1998888721,1013,NA,NA,NA
"415",2017-12-15,1133.3846009222,1048,NA,NA,NA
"416",2017-12-22,1039.19368583925,1181,NA,NA,NA
"417",2017-12-29,1082.4326027404,840,NA,NA,NA
"418",2018-01-05,1332.5537029558,1300,NA,NA,NA
"419",2018-01-12,1330.65190184491,1481,NA,NA,NA
"420",2018-01-19,1298.56635714864,1387,NA,NA,NA
"421",2018-01-26,1232.16434646921,1363,NA,NA,NA
"422",2018-02-02,1207.38249484556,1285,NA,NA,NA
"423",2018-02-09,1190.76043653425,1206,NA,NA,NA
"424",2018-02-16,1194.08715725351,1230,NA,NA,NA
"425",2018-02-23,1167.07260821442,1196,NA,NA,NA
"426",2018-03-02,1156.54331372052,1125,NA,NA,NA
"427",2018-03-09,1151.50112660518,1192,NA,NA,NA
"428",2018-03-16,1146.83713128637,1203,NA,NA,NA
"429",2018-03-23,1053.3442484778,1124,NA,NA,NA
"430",2018-03-30,1032.8279472781,973,NA,NA,NA
"431",2018-04-06,1086.44030576453,1105,NA,NA,NA
"432",2018-04-13,1058.14742502477,1199,NA,NA,NA
"433",2018-04-20,1038.32020062141,1037,NA,NA,NA
"434",2018-04-27,1033.42891523365,987,NA,NA,NA
"435",2018-05-04,962.301535862257,922,NA,NA,NA
"436",2018-05-11,1001.07126059914,886,NA,NA,NA
"437",2018-05-18,976.373500016827,888,NA,NA,NA
"438",2018-05-25,912.28147727692,913,NA,NA,NA
"439",2018-06-01,878.969894631553,769,NA,NA,NA
"440",2018-06-08,967.051955295436,985,NA,NA,NA
"441",2018-06-15,906.445427294908,947,NA,NA,NA
"442",2018-06-22,918.634906918601,944,NA,NA,NA
"443",2018-06-29,916.233888097734,882,NA,NA,NA
"444",2018-07-06,886.664797514103,895,NA,NA,NA
"445",2018-07-13,919.468802801513,901,NA,NA,NA
"446",2018-07-20,880.675573033113,942,NA,NA,NA
"447",2018-07-27,889.912945825547,907,NA,NA,NA
"448",2018-08-03,888.085168173168,817,NA,NA,NA
"449",2018-08-10,881.592498659257,913,NA,NA,NA
"450",2018-08-17,894.944841909396,880,NA,NA,NA
"451",2018-08-24,854.804019467598,913,NA,NA,NA
"452",2018-08-31,861.778963374122,779,NA,NA,NA
"453",2018-09-07,920.20734846728,956,NA,NA,NA
"454",2018-09-14,896.561372057764,865,NA,NA,NA
"455",2018-09-21,921.3745716128,912,NA,NA,NA
"456",2018-09-28,898.34296940805,904,NA,NA,NA
"457",2018-10-05,928.957369312884,948,NA,NA,NA
"458",2018-10-12,952.953383307303,963,NA,NA,NA
"459",2018-10-19,956.675904388557,968,NA,NA,NA
"460",2018-10-26,942.990156527904,956,NA,NA,NA
"461",2018-11-02,971.550249640404,964,NA,NA,NA
"462",2018-11-09,979.315878589733,981,NA,NA,NA
"463",2018-11-16,977.835661730001,969,NA,NA,NA
"464",2018-11-23,984.395972695723,1013,NA,NA,NA
"465",2018-11-30,1027.57761368778,998,NA,NA,NA
"466",2018-12-07,1049.76442800127,1006,NA,NA,NA
"467",2018-12-14,1071.1426146218,1108,NA,NA,NA
"468",2018-12-21,968.81745514014,1148,NA,NA,NA
"469",2018-12-28,1002.90465733098,688,NA,NA,NA
"470",2019-01-04,1245.84690533685,1148,NA,NA,NA
"471",2019-01-11,1238.5436890059,1279,NA,NA,NA
"472",2019-01-18,1204.04824612685,1197,NA,NA,NA
"473",2019-01-25,1137.83558244034,1137,NA,NA,NA
"474",2019-02-01,1116.82748348634,1131,NA,NA,NA
"475",2019-02-08,1105.70630203977,1133,NA,NA,NA
"476",2019-02-15,1114.205757279,1189,NA,NA,NA
"477",2019-02-22,1091.30549814395,1124,NA,NA,NA
"478",2019-03-01,1084.7879438163,1109,NA,NA,NA
"479",2019-03-08,1082.23970246879,1083,NA,NA,NA
"480",2019-03-15,1081.1514319097,1054,NA,NA,NA
"481",2019-03-22,993.502288206603,1087,NA,NA,NA
"482",2019-03-29,978.20791337203,943,NA,NA,NA
"483",2019-04-05,1036.37198207014,959,NA,NA,NA
"484",2019-04-12,1015.2423010036,1034,NA,NA,NA
"485",2019-04-19,1005.9019905481,910,NA,NA,NA
"486",2019-04-26,1014.07236143691,996,NA,NA,NA
"487",2019-05-03,955.234705188636,1125,NA,NA,NA
"488",2019-05-10,1000.57563195476,924,NA,NA,NA
"489",2019-05-17,981.401130403181,980,NA,NA,NA
"490",2019-05-24,920.464770969226,1024,NA,NA,NA
"491",2019-05-31,887.509935199559,782,NA,NA,NA
"492",2019-06-07,975.827331986156,1025,NA,NA,NA
"493",2019-06-14,914.606131249399,889,NA,NA,NA
"494",2019-06-21,927.981990592104,931,NA,NA,NA
"495",2019-06-28,927.375692507077,984,NA,NA,NA
"496",2019-07-05,897.127945466082,896,NA,NA,NA
"497",2019-07-12,929.510903795943,932,NA,NA,NA
"498",2019-07-19,889.72610297934,841,NA,NA,NA
"499",2019-07-26,900.967743118771,895,NA,NA,NA
"500",2019-08-02,901.771839486054,936,NA,NA,NA
"501",2019-08-09,895.044163534607,867,NA,NA,NA
"502",2019-08-16,909.779916727204,857,NA,NA,NA
"503",2019-08-23,872.052465372803,927,NA,NA,NA
"504",2019-08-30,881.529210826553,832,NA,NA,NA
"505",2019-09-06,941.554259751002,937,NA,NA,NA
"506",2019-09-13,920.603286508449,916,NA,NA,NA
"507",2019-09-20,947.377625724391,954,NA,NA,NA
"508",2019-09-27,925.871688088134,906,NA,NA,NA
"509",2019-10-04,958.70670528581,948,NA,NA,NA
"510",2019-10-11,985.73318458546,1005,NA,NA,NA
"511",2019-10-18,992.235175130709,1019,NA,NA,NA
"512",2019-10-25,980.908563187424,1001,NA,NA,NA
"513",2019-11-01,1011.63501432482,1033,NA,NA,NA
"514",2019-11-08,1020.77985949966,1053,NA,NA,NA
"515",2019-11-15,1019.8475954588,1070,NA,NA,NA
"516",2019-11-22,1025.35006312518,1039,NA,NA,NA
"517",2019-11-29,1067.88094689277,1139,NA,NA,NA
"518",2019-12-06,1086.67580009301,1011,NA,NA,NA
"519",2019-12-13,1105.53072940209,1102,NA,NA,NA
"520",2019-12-20,1001.78177360229,1173,NA,NA,NA
"521",2019-12-27,1034.66198725458,737,NA,NA,NA
"522",2020-01-03,1275.92786004038,1240,NA,NA,NA
"523",2020-01-10,1265.26268411841,1339,NA,NA,NA
"524",2020-01-17,1226.49929316902,1278,NA,NA,NA
"525",2020-01-24,1154.42483900765,1187,NA,NA,NA
"526",2020-01-31,1126.64542930625,1136,NA,NA,NA
"527",2020-02-07,1108.88409311019,1072,NA,NA,NA
"528",2020-02-14,1112.49046642821,1059,NA,NA,NA
"529",2020-02-21,1088.18934169634,1087,NA,NA,NA
"530",2020-02-28,1081.19332096014,1078,NA,NA,NA
"531",2020-03-06,NA,NA,1078.91265305616,1241.74812210021,916.077184012104
"532",2020-03-13,NA,NA,1078.11265305616,1242.81682851773,913.408477594577
"533",2020-03-20,NA,NA,990.012653056159,1156.56456943709,823.460736675228
"534",2020-03-27,NA,NA,976.812653056153,1145.19203506548,808.433271046826
"535",2020-04-03,NA,NA,1036.11265305615,1206.29987855068,865.925427561626
"536",2020-04-10,NA,NA,1014.01265305616,1185.98871870835,842.036587403967
"537",2020-04-17,NA,NA,1004.21265305615,1177.95914249663,830.466163615678
"538",2020-04-24,NA,NA,1009.31265305616,1184.81170726607,833.813598846256
"539",2020-05-01,NA,NA,946.912653056157,1124.14694280917,769.678363303147
"540",2020-05-08,NA,NA,993.312653056154,1172.26535323119,814.35995288112
"541",2020-05-15,NA,NA,973.112653056159,1153.76741866066,792.457887451656
"542",2020-05-22,NA,NA,911.112653056158,1093.45359681619,728.771709296124
"543",2020-05-29,NA,NA,879.912653056157,1063.92432444409,695.90098166822
"544",2020-06-05,NA,NA,967.112653056155,1152.78001863951,781.445287472797
"545",2020-06-12,NA,NA,906.112653056158,1093.42107806247,718.804228049842
"546",2020-06-19,NA,NA,919.012653056157,1107.94788405882,730.077422053497
"547",2020-06-26,NA,NA,918.01265305616,1108.56080169506,727.464504417264
"548",2020-07-03,NA,NA,888.912653056158,1081.06018071497,696.765125397348
"549",2020-07-10,NA,NA,922.412653056155,1116.14635642517,728.678949687136
"550",2020-07-17,NA,NA,883.812653056157,1079.11965051594,688.50565559637
"551",2020-07-24,NA,NA,894.912653056158,1091.78037182295,698.044934289369
"552",2020-07-31,NA,NA,895.412653056162,1093.82881703511,696.996489077212
"553",2020-08-07,NA,NA,889.312653056157,1089.2652713531,689.360034759212
"554",2020-08-14,NA,NA,903.912653056156,1105.39000910265,702.435297009661
"555",2020-08-21,NA,NA,864.612653056159,1067.60329430636,661.622011805958
"556",2020-08-28,NA,NA,874.012653056156,1078.50538121745,669.519924894859
"557",2020-09-04,NA,NA,932.61265305616,1138.59651481851,726.628791293807
"558",2020-09-11,NA,NA,910.112653056157,1117.57693128789,702.648374824423
"559",2020-09-18,NA,NA,935.212653056154,1144.14685843645,726.278447675856
"560",2020-09-25,NA,NA,912.212653056159,1122.6065161168,701.818789995521
"561",2020-10-02,NA,NA,943.012653056159,1154.8561166071,731.169189505213
"562",2020-10-09,NA,NA,967.712653056159,1180.99586497154,754.429441140774
"563",2020-10-16,NA,NA,972.412653056155,1187.12595939888,757.69934671343
"564",2020-10-23,NA,NA,960.012653056159,1176.14659152096,743.878714591356
"565",2020-10-30,NA,NA,990.212653056158,1207.75794671242,772.667359399895
"566",2020-11-06,NA,NA,999.412653056156,1218.36020437307,780.465101739245
"567",2020-11-13,NA,NA,999.412653056155,1219.75353819406,779.071767918253
"568",2020-11-20,NA,NA,1007.21265305616,1228.93811640901,785.487189703306
"569",2020-11-27,NA,NA,1052.41265305616,1275.5141020311,829.311204081219
"570",2020-12-04,NA,NA,1075.81265305615,1300.28165307709,851.343653035216
"571",2020-12-11,NA,NA,1097.21265305616,1323.04092277916,871.384383333165
"572",2020-12-18,NA,NA,995.912653056154,1223.09205978521,768.733246327101
"573",2020-12-25,NA,NA,1035.90279176345,1264.13744201145,807.668141515447
"574",2021-01-01,NA,NA,1276.17551903619,1505.73612657771,1046.61491149466
"575",2021-01-08,NA,NA,1263.53915539982,1494.41810527581,1032.66020552382
"576",2021-01-15,NA,NA,1224.81188267255,1457.00168963411,992.622075710981
"577",2021-01-22,NA,NA,1154.17551903619,1387.66882390349,920.682214168879
"578",2021-01-29,NA,NA,1128.72097358164,1363.51053974433,893.93140741895
"579",2021-02-05,NA,NA,1113.53915539982,1349.61786545193,877.460445347703
"580",2021-02-12,NA,NA,1118.72097358164,1356.08182608448,881.360121078791
"581",2021-02-19,NA,NA,1094.53915539982,1333.17526176658,855.903049033067
"582",2021-02-26,NA,NA,1087.63006449073,1327.53464598698,847.725482994477
"583",2021-03-05,NA,NA,1085.34939658674,1328.48652155587,842.21227161762
"584",2021-03-12,NA,NA,1084.54939658674,1329.16955809594,839.929235077548
"585",2021-03-19,NA,NA,996.449396586748,1242.54365758305,750.355135590441
"586",2021-03-26,NA,NA,983.249396586741,1230.80897966494,735.689813508542
"587",2021-04-02,NA,NA,1042.54939658674,1291.56567929208,793.533113881401
"588",2021-04-09,NA,NA,1020.44939658675,1270.91390690891,769.984886264589
"589",2021-04-16,NA,NA,1010.64939658674,1262.55380863515,758.744984538338
"590",2021-04-23,NA,NA,1015.74939658675,1269.08552643795,762.413266735547
"591",2021-04-30,NA,NA,953.349396586744,1208.10919829518,698.589594878314
"592",2021-05-07,NA,NA,999.749396586742,1255.92495835065,743.573834822836
"593",2021-05-14,NA,NA,979.549396586746,1237.13293706165,721.965856111844
"594",2021-05-21,NA,NA,917.549396586746,1176.5332613392,658.565531834288
"595",2021-05-28,NA,NA,886.349396586745,1146.72605468161,625.972738491875
"596",2021-06-04,NA,NA,973.549396586742,1235.31143730156,711.787355871924
"597",2021-06-11,NA,NA,912.549396586745,1175.6895262472,649.409266926293
"598",2021-06-18,NA,NA,925.449396586745,1189.96043551755,660.938357655941
"599",2021-06-25,NA,NA,924.449396586748,1190.32427617259,658.574517000905
"600",2021-07-02,NA,NA,895.349396586745,1162.58115643823,628.117636735263
"601",2021-07-09,NA,NA,928.849396586743,1197.43118180654,660.267611366945
"602",2021-07-16,NA,NA,890.249396586744,1160.17445513149,620.324338041994
"603",2021-07-23,NA,NA,901.349396586745,1172.61107672038,630.087716453114
"604",2021-07-30,NA,NA,901.84939658675,1174.44114442122,629.257648752275
"605",2021-08-06,NA,NA,895.749396586745,1169.6647537064,621.834039467092
"606",2021-08-13,NA,NA,910.349396586743,1185.58199775259,635.116795420892
"607",2021-08-20,NA,NA,871.049396586747,1147.59296751736,594.505825656135
"608",2021-08-27,NA,NA,880.449396586744,1158.29775181237,602.601041361114
"609",2021-09-03,NA,NA,939.049396586748,1218.19643737372,659.90235579978
"610",2021-09-10,NA,NA,916.549396586745,1196.98910892908,636.109684244405
"611",2021-09-17,NA,NA,941.649396586741,1223.37584926236,659.922943911122
"612",2021-09-24,NA,NA,918.649396586747,1201.65673927545,635.642053898043
"613",2021-10-01,NA,NA,949.449396586747,1233.73185804762,665.16693512587
"614",2021-10-08,NA,NA,974.149396586746,1259.70128289252,688.597510280968
"615",2021-10-15,NA,NA,978.849396586743,1265.66508941285,692.033703760632
"616",2021-10-22,NA,NA,966.449396586747,1254.52335155292,678.375441620569
"617",2021-10-29,NA,NA,996.649396586745,1285.97614164912,707.32265152437
"618",2021-11-05,NA,NA,1005.84939658674,1296.42353047846,715.275262695026
"619",2021-11-12,NA,NA,1005.84939658674,1297.66558730524,714.033205868243
"620",2021-11-19,NA,NA,1013.64939658674,1306.70237992592,720.596413247571
"621",2021-11-26,NA,NA,1058.84939658675,1353.13397471228,764.564818461215
"622",2021-12-03,NA,NA,1082.24939658674,1377.76043665302,786.738356520459
"623",2021-12-10,NA,NA,1103.64939658675,1400.3818293938,806.916963779702
"624",2021-12-17,NA,NA,1002.34939658674,1300.29821527566,704.400577897822
"625",2021-12-24,NA,NA,1042.33953529404,1341.37839585813,743.300674729943
"626",2021-12-31,NA,NA,1282.61226256677,1582.83289240753,982.391632726019
"627",2022-01-07,NA,NA,1269.97589893041,1571.37366441066,968.578133450157
"628",2022-01-14,NA,NA,1231.24862620314,1533.81894776656,928.678304639707
"629",2022-01-21,NA,NA,1160.61226256677,1464.35061369403,856.873911439517
"630",2022-01-28,NA,NA,1135.15771711223,1440.05962330504,830.25581091941
"631",2022-02-04,NA,NA,1119.97589893041,1426.03693672274,813.914861138071
"632",2022-02-11,NA,NA,1125.15771711222,1432.37351310753,817.941921116918
"633",2022-02-18,NA,NA,1100.97589893041,1409.34212886413,792.609668996687
"634",2022-02-25,NA,NA,1094.06680802132,1403.57919584779,784.554420194843
